id	guidislink	link	title	published	updated	summary	alertFor	pub_date	domain	direct_link	domain_name	Ingestion_date
1370931166904513614	True	https://www.google.com/url?rct=j&sa=t&url=https://www.transportandlogisticsme.com/smart-technology-innovation/dp-worlds-boxbay-wins-german-logistics-prize&ct=ga&cd=CAIyGjZiNGI4N2I5M2NjZTczNmQ6Y29tOmVuOlVT&usg=AOvVaw0fyJCwTcqsLJH8QDzWN4s5	DP World's BOXBAY Wins German <b>Logistics</b> Prize	2022-10-21 06:43:47	2022-10-21 06:43:47	The platform allows completing food import and export services through the Advanced Trade and Logistics Platform (ATLP) operated by Abu Dhabi Port&nbsp;...	Trade & Logistics	Friday 21. October 2022	https://www.transportandlogisticsme.com/smart-technology-innovation/dp-worlds-boxbay-wins-german-logistics-prize&ct=ga&cd=CAIyGjZiNGI4N2I5M2NjZTczNmQ6Y29tOmVuOlVT&usg=AOvVaw0fyJCwTcqsLJH8QDzWN4s5	https://www.transportandlogisticsme.com/smart-technology-innovation/dp-worlds-boxbay-wins-german-logistics-prize	transportandlogisticsme	2022-10-21 13:20:08 +0400
17373976500946472390	True	https://www.google.com/url?rct=j&sa=t&url=https://en.vietnamplus.vn/logistics-industry-held-back-by-poor-infrastructure-technology/240446.vnp&ct=ga&cd=CAIyGjZiNGI4N2I5M2NjZTczNmQ6Y29tOmVuOlVT&usg=AOvVaw0OKtjKvSXeKgS0A_cIzBat	<b>Logistics</b> industry held back by poor infrastructure, technology | Business - Vietnam Plus	2022-10-21 04:45:15	2022-10-21 04:45:15	A young and growing population of around 100 million people, stable and supportive Government policies, extensive trade agreements with other&nbsp;...	Trade & Logistics	Friday 21. October 2022	https://en.vietnamplus.vn/logistics-industry-held-back-by-poor-infrastructure-technology/240446.vnp&ct=ga&cd=CAIyGjZiNGI4N2I5M2NjZTczNmQ6Y29tOmVuOlVT&usg=AOvVaw0OKtjKvSXeKgS0A_cIzBat	https://en.vietnamplus.vn/logistics-industry-held-back-by-poor-infrastructure-technology/240446.vnp	en	2022-10-21 13:20:08 +0400
12845430857668266064	True	https://www.google.com/url?rct=j&sa=t&url=https://indiashippingnews.com/huge-scope-for-india-to-move-in-global-value-chain-systems-commerce-secretary/&ct=ga&cd=CAIyGjZiNGI4N2I5M2NjZTczNmQ6Y29tOmVuOlVT&usg=AOvVaw2Kn9PAYYdVfOPeacqlojzG	Huge scope for India to move in global value chain systems: Commerce Secretary	2022-10-21 03:45:18	2022-10-21 03:45:18	India's share in global exports is less than 2 per cent. So, huge potential is there to boost the shipments despite global headwinds and low trade&nbsp;...	Trade & Logistics	Friday 21. October 2022	https://indiashippingnews.com/huge-scope-for-india-to-move-in-global-value-chain-systems-commerce-secretary/&ct=ga&cd=CAIyGjZiNGI4N2I5M2NjZTczNmQ6Y29tOmVuOlVT&usg=AOvVaw2Kn9PAYYdVfOPeacqlojzG	https://indiashippingnews.com/huge-scope-for-india-to-move-in-global-value-chain-systems-commerce-secretary/	indiashippingnews	2022-10-21 13:20:08 +0400
2440409992816147895	True	https://www.google.com/url?rct=j&sa=t&url=https://www.einnews.com/pr_news/597043178/logistics-industry-held-back-by-poor-infrastructure-technology&ct=ga&cd=CAIyGjZiNGI4N2I5M2NjZTczNmQ6Y29tOmVuOlVT&usg=AOvVaw23Vp1Uz7bVBMOAFDSlmiy9	<b>Logistics</b> industry held back by poor infrastructure, technology - EIN News	2022-10-21 03:14:37	2022-10-21 03:14:37	Its foreign trade was worth US$557 billion in the period, representing a large freight and logistics market. A total of 30,000 logistics companies&nbsp;...	Trade & Logistics	Friday 21. October 2022	https://www.einnews.com/pr_news/597043178/logistics-industry-held-back-by-poor-infrastructure-technology&ct=ga&cd=CAIyGjZiNGI4N2I5M2NjZTczNmQ6Y29tOmVuOlVT&usg=AOvVaw23Vp1Uz7bVBMOAFDSlmiy9	https://www.einnews.com/pr_news/597043178/logistics-industry-held-back-by-poor-infrastructure-technology	einnews	2022-10-21 13:20:08 +0400
7535767051457620182	True	https://www.google.com/url?rct=j&sa=t&url=http://global.chinadaily.com.cn/a/202210/21/WS6351f2fea310fd2b29e7dba6.html&ct=ga&cd=CAIyGjZiNGI4N2I5M2NjZTczNmQ6Y29tOmVuOlVT&usg=AOvVaw1F_tM6ajLYwMi9A3rGfi4i	Hunan-Africa <b>trade</b> eyes solid boost with major plans for <b>logistics</b> backing	2022-10-21 01:28:57	2022-10-21 01:28:57	Central China's Hunan province will build a number of trade and logistics support platforms to further enrich China-Africa business cooperation&nbsp;...	Trade & Logistics	Friday 21. October 2022	http://global.chinadaily.com.cn/a/202210/21/WS6351f2fea310fd2b29e7dba6.html&ct=ga&cd=CAIyGjZiNGI4N2I5M2NjZTczNmQ6Y29tOmVuOlVT&usg=AOvVaw1F_tM6ajLYwMi9A3rGfi4i	http://global.chinadaily.com.cn/a/202210/21/WS6351f2fea310fd2b29e7dba6.html	global	2022-10-21 13:20:08 +0400
16664450951277022658	True	https://www.google.com/url?rct=j&sa=t&url=https://www.joc.com/marketingservices/joc-editorial-calendar-2023&ct=ga&cd=CAIyGjZiNGI4N2I5M2NjZTczNmQ6Y29tOmVuOlVT&usg=AOvVaw3L2huHV_-P3Rn7TBOKx75F	JOC Editorial Calendar | 2023	2022-10-20 20:56:08	2022-10-20 20:56:08	January 16, 2023 Asia Trade Outlook, Logistics Technology: What Logistics Companies Want — and Need — Most in '23. Northeast Coast Ports&nbsp;...	Trade & Logistics	Thursday 20. October 2022	https://www.joc.com/marketingservices/joc-editorial-calendar-2023&ct=ga&cd=CAIyGjZiNGI4N2I5M2NjZTczNmQ6Y29tOmVuOlVT&usg=AOvVaw3L2huHV_-P3Rn7TBOKx75F	https://www.joc.com/marketingservices/joc-editorial-calendar-2023	joc	2022-10-21 13:20:08 +0400
16482937468282403177	True	https://www.google.com/url?rct=j&sa=t&url=https://unctad.org/news/black-sea-grain-initiative-offers-hope-shows-power-trade&ct=ga&cd=CAIyGjZiNGI4N2I5M2NjZTczNmQ6Y29tOmVuOlVT&usg=AOvVaw1DYL2b1nhtZc58GBIPUKsK	Black Sea Grain Initiative offers hope, shows power of <b>trade</b> - UNCTAD	2022-10-20 19:07:15	2022-10-20 19:07:15	Black Sea Grain Initiative offers hope, shows power of trade ... 13 Oct 2022. Tackling food and energy crises: How trade and logistics can help.	Trade & Logistics	Thursday 20. October 2022	https://unctad.org/news/black-sea-grain-initiative-offers-hope-shows-power-trade&ct=ga&cd=CAIyGjZiNGI4N2I5M2NjZTczNmQ6Y29tOmVuOlVT&usg=AOvVaw1DYL2b1nhtZc58GBIPUKsK	https://unctad.org/news/black-sea-grain-initiative-offers-hope-shows-power-trade	unctad	2022-10-21 13:20:08 +0400
15116764003076398908	True	https://www.google.com/url?rct=j&sa=t&url=https://ajot.com/news/flexport-receives-200-million-from-kkr-to-grow-trade-financing&ct=ga&cd=CAIyGjZiNGI4N2I5M2NjZTczNmQ6Y29tOmVuOlVT&usg=AOvVaw1FVM9yOECTzmoHRYBS7bbG	Flexport receives $200 million from KKR to grow <b>trade</b> financing | AJOT.COM	2022-10-20 18:36:17	2022-10-20 18:36:17	By: Brendan Murray | Oct 20 2022 at 01:00 PM | Logistics. Flexport Inc.'s trade financing arm received $200 million from KKR &amp; Co. to expand the&nbsp;...	Trade & Logistics	Thursday 20. October 2022	https://ajot.com/news/flexport-receives-200-million-from-kkr-to-grow-trade-financing&ct=ga&cd=CAIyGjZiNGI4N2I5M2NjZTczNmQ6Y29tOmVuOlVT&usg=AOvVaw1FVM9yOECTzmoHRYBS7bbG	https://ajot.com/news/flexport-receives-200-million-from-kkr-to-grow-trade-financing	ajot	2022-10-21 13:20:08 +0400
5964745857003013771	True	https://www.google.com/url?rct=j&sa=t&url=https://www.stattimes.com/logistics/flexport-capital-gets-200mn-credit-facility-from-kkr-1346803&ct=ga&cd=CAIyGjZiNGI4N2I5M2NjZTczNmQ6Y29tOmVuOlVT&usg=AOvVaw3ZxtZVvpdoRSI2rvO9DgHk	Flexport Capital gets $200mn credit facility from KKR - STAT Times	2022-10-20 18:26:31	2022-10-20 18:26:31	Flexport Capital, the trade financing arm of Flexport, has secured a credit ... capital for inventory and logistics expenses, the release added.	Trade & Logistics	Thursday 20. October 2022	https://www.stattimes.com/logistics/flexport-capital-gets-200mn-credit-facility-from-kkr-1346803&ct=ga&cd=CAIyGjZiNGI4N2I5M2NjZTczNmQ6Y29tOmVuOlVT&usg=AOvVaw3ZxtZVvpdoRSI2rvO9DgHk	https://www.stattimes.com/logistics/flexport-capital-gets-200mn-credit-facility-from-kkr-1346803	stattimes	2022-10-21 13:20:08 +0400
6901211533737955729	True	https://www.google.com/url?rct=j&sa=t&url=https://www.cnbc.com/2022/10/20/china-factory-of-the-world-is-losing-its-manufacturing-dominance.html&ct=ga&cd=CAIyGjZiNGI4N2I5M2NjZTczNmQ6Y29tOmVuOlVT&usg=AOvVaw3uf8_9FvZtO48lkY8O9L11	China, 'factory of the world,' is losing its manufacturing dominance - CNBC	2022-10-20 17:39:29	2022-10-20 17:39:29	Vietnam has taken the lion's share of the manufacturing trade away from China ... Asia Pacific region director of commercial for SEKO Logistics.	Trade & Logistics	Thursday 20. October 2022	https://www.cnbc.com/2022/10/20/china-factory-of-the-world-is-losing-its-manufacturing-dominance.html&ct=ga&cd=CAIyGjZiNGI4N2I5M2NjZTczNmQ6Y29tOmVuOlVT&usg=AOvVaw3uf8_9FvZtO48lkY8O9L11	https://www.cnbc.com/2022/10/20/china-factory-of-the-world-is-losing-its-manufacturing-dominance.html	cnbc	2022-10-21 13:20:08 +0400
12770391799315100785	True	https://www.google.com/url?rct=j&sa=t&url=https://www.latestly.com/socially/india/news/meet-national-startup-award-winner-shipsy-an-end-to-end-global-trade-and-logistics-latest-tweet-by-dd-news-4358208.html&ct=ga&cd=CAIyGjZiNGI4N2I5M2NjZTczNmQ6Y29tOmVuOlVT&usg=AOvVaw1ULxSM2WEPHDJKtAKmXVaJ	Meet National Startup Award Winner Shipsy, an End-to-end Global <b>Trade and Logistics</b>	2022-10-20 16:23:51	2022-10-20 16:23:51	The latest Tweet by DD News states, 'Meet national startup award winner Shipsy, an end-to-end Global Trade and Logistics Management Platform&nbsp;...	Trade & Logistics	Thursday 20. October 2022	https://www.latestly.com/socially/india/news/meet-national-startup-award-winner-shipsy-an-end-to-end-global-trade-and-logistics-latest-tweet-by-dd-news-4358208.html&ct=ga&cd=CAIyGjZiNGI4N2I5M2NjZTczNmQ6Y29tOmVuOlVT&usg=AOvVaw1ULxSM2WEPHDJKtAKmXVaJ	https://www.latestly.com/socially/india/news/meet-national-startup-award-winner-shipsy-an-end-to-end-global-trade-and-logistics-latest-tweet-by-dd-news-4358208.html	latestly	2022-10-21 13:20:08 +0400
14250658550246737148	True	https://www.google.com/url?rct=j&sa=t&url=https://www.yahoo.com/now/rail-logistics-market-hit-3-131200357.html&ct=ga&cd=CAIyGjZiNGI4N2I5M2NjZTczNmQ6Y29tOmVuOlVT&usg=AOvVaw2-TvUvq46Syiuj7D2RMn5G	Rail <b>Logistics</b> Market to Hit $3,579.7 Billion by 2031: Allied Market Research	2022-10-20 14:22:48	2022-10-20 14:22:48	Moreover, lockdowns and trade restrictions severely impacted the growth of the global rail logistics market during the COVID-19 period.	Trade & Logistics	Thursday 20. October 2022	https://www.yahoo.com/now/rail-logistics-market-hit-3-131200357.html&ct=ga&cd=CAIyGjZiNGI4N2I5M2NjZTczNmQ6Y29tOmVuOlVT&usg=AOvVaw2-TvUvq46Syiuj7D2RMn5G	https://www.yahoo.com/now/rail-logistics-market-hit-3-131200357.html	yahoo	2022-10-21 13:20:08 +0400
10574669043978554826	True	https://www.google.com/url?rct=j&sa=t&url=http://www.tradearabia.com/news/IND_402183.html&ct=ga&cd=CAIyGjZiNGI4N2I5M2NjZTczNmQ6Y29tOmVuOlVT&usg=AOvVaw1PR0QHG7TiiYx5-hguy2sl	Boxbay wins German <b>logistics</b> prize - <b>Trade</b> Arabia	2022-10-20 14:03:59	2022-10-20 14:03:59	Boxbay, a revolutionary automated, safe and environmentally friendly High Bay Storage (HBS) container yard stacking system, has won the German&nbsp;...	Trade & Logistics	Thursday 20. October 2022	http://www.tradearabia.com/news/IND_402183.html&ct=ga&cd=CAIyGjZiNGI4N2I5M2NjZTczNmQ6Y29tOmVuOlVT&usg=AOvVaw1PR0QHG7TiiYx5-hguy2sl	http://www.tradearabia.com/news/IND_402183.html	tradearabia	2022-10-21 13:20:08 +0400
18251845944966620651	True	https://www.google.com/url?rct=j&sa=t&url=https://www.intelligentcio.com/eu/2022/10/20/psiwms-successfully-implemented-in-new-distribution-centre-of-lpp-logistics/&ct=ga&cd=CAIyGjZiNGI4N2I5M2NjZTczNmQ6Y29tOmVuOlVT&usg=AOvVaw3MbPFjtm7dCmNWlcOhjFY8	PSIwms successfully implemented in new distribution centre of LPP <b>Logistics</b>	2022-10-20 13:44:53	2022-10-20 13:44:53	PolandRetailTop StoriesTrade &amp; Logistics ... Planning module in the new distribution centre of LPP Logistics Sp. z o.o. in Brześć Kujawski.	Trade & Logistics	Thursday 20. October 2022	https://www.intelligentcio.com/eu/2022/10/20/psiwms-successfully-implemented-in-new-distribution-centre-of-lpp-logistics/&ct=ga&cd=CAIyGjZiNGI4N2I5M2NjZTczNmQ6Y29tOmVuOlVT&usg=AOvVaw3MbPFjtm7dCmNWlcOhjFY8	https://www.intelligentcio.com/eu/2022/10/20/psiwms-successfully-implemented-in-new-distribution-centre-of-lpp-logistics/	intelligentcio	2022-10-21 13:20:08 +0400
17176687952757872316	True	https://www.google.com/url?rct=j&sa=t&url=https://www.transportandlogisticsme.com/global-news/abdullah-al-hameli-welcomes-participants-to-wuwm-2022&ct=ga&cd=CAIyGjZiNGI4N2I5M2NjZTczNmQ6Y29tOmVuOlVT&usg=AOvVaw0L-GpbDMGzK4zKNQk6edbl	Abdullah Al Hameli Welcomes Participants to WUWM 2022	2022-10-20 13:24:04	2022-10-20 13:24:04	"""At KEZAD, our integrated trade and logistics hub, we have established a dedicated food ecosystem as the platform for food processing, storage,&nbsp;..."	Trade & Logistics	Thursday 20. October 2022	https://www.transportandlogisticsme.com/global-news/abdullah-al-hameli-welcomes-participants-to-wuwm-2022&ct=ga&cd=CAIyGjZiNGI4N2I5M2NjZTczNmQ6Y29tOmVuOlVT&usg=AOvVaw0L-GpbDMGzK4zKNQk6edbl	https://www.transportandlogisticsme.com/global-news/abdullah-al-hameli-welcomes-participants-to-wuwm-2022	transportandlogisticsme	2022-10-21 13:20:08 +0400
1037499194698306492	True	https://www.google.com/url?rct=j&sa=t&url=https://www.barchart.com/story/news/10898628/chart-of-the-day-pbf-logistics-solid-dividend&ct=ga&cd=CAIyGjZiNGI4N2I5M2NjZTczNmQ6Y29tOmVuOlVT&usg=AOvVaw17RiKsG0XcXiz5dLYnIZ-A	Chart Of The Day: PBF <b>Logistics</b> - Solid Dividend - Barchart.com	2022-10-20 12:11:09	2022-10-20 12:11:09	PBF Logistics LP was founded in 2012 and is headquartered in Parsippany, New Jersey. Barchart's Opinion Trading systems are listed below. Please note&nbsp;...	Trade & Logistics	Thursday 20. October 2022	https://www.barchart.com/story/news/10898628/chart-of-the-day-pbf-logistics-solid-dividend&ct=ga&cd=CAIyGjZiNGI4N2I5M2NjZTczNmQ6Y29tOmVuOlVT&usg=AOvVaw17RiKsG0XcXiz5dLYnIZ-A	https://www.barchart.com/story/news/10898628/chart-of-the-day-pbf-logistics-solid-dividend	barchart	2022-10-21 13:20:08 +0400
14772644508716627199	True	https://www.google.com/url?rct=j&sa=t&url=https://gulfnews.com/business/retail/abu-dhabi-is-building-a-food-hub-and-securing-its-future-food-supply-chain-1.91389415&ct=ga&cd=CAIyGjZiNGI4N2I5M2NjZTczNmQ6Y29tOmVuOlVT&usg=AOvVaw1UxmBX-KQC2YmBA8ptaL91	Abu Dhabi is building a 'Food Hub' and securing its future food supply chain - Gulf News	2022-10-20 11:25:21	2022-10-20 11:25:21	Graham Sanders: As the region's largest multi-category wholesale food trading and logistics hub, Abu Dhabi Food Hub - Kezad will leverage the&nbsp;...	Trade & Logistics	Thursday 20. October 2022	https://gulfnews.com/business/retail/abu-dhabi-is-building-a-food-hub-and-securing-its-future-food-supply-chain-1.91389415&ct=ga&cd=CAIyGjZiNGI4N2I5M2NjZTczNmQ6Y29tOmVuOlVT&usg=AOvVaw1UxmBX-KQC2YmBA8ptaL91	https://gulfnews.com/business/retail/abu-dhabi-is-building-a-food-hub-and-securing-its-future-food-supply-chain-1.91389415	gulfnews	2022-10-21 13:20:08 +0400
4525961466094238505	True	https://www.google.com/url?rct=j&sa=t&url=https://www.aseanbriefing.com/news/thailand-adopts-new-five-year-investment-promotion-strategy/&ct=ga&cd=CAIyGjZiNGI4N2I5M2NjZTczNmQ6Y29tOmVuOlVT&usg=AOvVaw2wgNqDs09QfdI1i_3Jl20m	Thailand Adopts New Five-Year Investment Promotion Strategy - ASEAN Briefing	2022-10-20 09:06:36	2022-10-20 09:06:36	Further, it seeks to strengthen Thailand's status as a regional hub for business, trade, and logistics. The strategy's seven pillars. The strategy&nbsp;...	Trade & Logistics	Thursday 20. October 2022	https://www.aseanbriefing.com/news/thailand-adopts-new-five-year-investment-promotion-strategy/&ct=ga&cd=CAIyGjZiNGI4N2I5M2NjZTczNmQ6Y29tOmVuOlVT&usg=AOvVaw2wgNqDs09QfdI1i_3Jl20m	https://www.aseanbriefing.com/news/thailand-adopts-new-five-year-investment-promotion-strategy/	aseanbriefing	2022-10-21 13:20:08 +0400
3749847023727932001	True	https://www.google.com/url?rct=j&sa=t&url=https://www.globaltrademag.com/changes-to-supply-chain-will-benefit-commercial-real-estate/&ct=ga&cd=CAIyGjZiNGI4N2I5M2NjZTczNmQ6Y29tOmVuOlVT&usg=AOvVaw3QflpGUhRz8O0WCAzrRvpa	Changes To Supply Chain Will Benefit Commercial Real Estate - Global <b>Trade</b> Magazine	2022-10-20 09:01:10	2022-10-20 09:01:10	Since the pandemic, eCommerce has continued to thrive – causing a greater need for warehousing and logistics. Supply chains have been strained as&nbsp;...	Trade & Logistics	Thursday 20. October 2022	https://www.globaltrademag.com/changes-to-supply-chain-will-benefit-commercial-real-estate/&ct=ga&cd=CAIyGjZiNGI4N2I5M2NjZTczNmQ6Y29tOmVuOlVT&usg=AOvVaw3QflpGUhRz8O0WCAzrRvpa	https://www.globaltrademag.com/changes-to-supply-chain-will-benefit-commercial-real-estate/	globaltrademag	2022-10-21 13:20:08 +0400
13307234951303788635	True	https://www.google.com/url?rct=j&sa=t&url=https://www.sggpnews.org.vn/business/weak-vietnams-infrastructure-for-logistics-barrier-to-industrys-potential-102773.html&ct=ga&cd=CAIyGjZiNGI4N2I5M2NjZTczNmQ6Y29tOmVuOlVT&usg=AOvVaw2ffs6VaZKxhYOtMopMMcLQ	Weak Vietnam's infrastructure for <b>logistics</b> - barrier to industry's potential	2022-10-20 07:46:59	2022-10-20 07:46:59	In addition, new free trade agreements (FTAs) signed by Vietnam with major trading partners such as the European Union (EVFTA) bring many advantages&nbsp;...	Trade & Logistics	Thursday 20. October 2022	https://www.sggpnews.org.vn/business/weak-vietnams-infrastructure-for-logistics-barrier-to-industrys-potential-102773.html&ct=ga&cd=CAIyGjZiNGI4N2I5M2NjZTczNmQ6Y29tOmVuOlVT&usg=AOvVaw2ffs6VaZKxhYOtMopMMcLQ	https://www.sggpnews.org.vn/business/weak-vietnams-infrastructure-for-logistics-barrier-to-industrys-potential-102773.html	sggpnews	2022-10-21 13:20:08 +0400
6140757447303107007	True	https://www.google.com/url?rct=j&sa=t&url=https://techpoint.africa/2022/10/20/gig-logistics-exapnds-to-china&ct=ga&cd=CAIyGjAyZGMwZGVhNjQ5ZTY3OWY6Y29tOmVuOlVT&usg=AOvVaw0XxbrzxptsGOe__htz2qmW	GIG <b>Logistics</b> expands to China - Techpoint Africa	2022-10-21 07:45:56	2022-10-21 07:45:56	African logistics company GIG Logistics (GIGL) has expanded to China. Director of Operations Ocholi Etu, talks about how the expansion will work.	Logistics	Friday 21. October 2022	https://techpoint.africa/2022/10/20/gig-logistics-exapnds-to-china&ct=ga&cd=CAIyGjAyZGMwZGVhNjQ5ZTY3OWY6Y29tOmVuOlVT&usg=AOvVaw0XxbrzxptsGOe__htz2qmW	https://techpoint.africa/2022/10/20/gig-logistics-exapnds-to-china	techpoint	2022-10-21 13:20:08 +0400
18072447220215943724	True	https://www.google.com/url?rct=j&sa=t&url=https://www.law360.com/employment-authority/articles/1542008/logistics-co-accused-of-misclassifying-workers-in-ot-suit&ct=ga&cd=CAIyGjAyZGMwZGVhNjQ5ZTY3OWY6Y29tOmVuOlVT&usg=AOvVaw0tOhhWkivTKJ94zGskvfaH	<b>Logistics</b> Co. Accused Of Misclassifying Workers In OT Suit - Law360	2022-10-21 05:16:27	2022-10-21 05:16:27	A logistics company misclassified account executives as overtime-exempt even though their job functions qualified them for overtime,&nbsp;...	Logistics	Friday 21. October 2022	https://www.law360.com/employment-authority/articles/1542008/logistics-co-accused-of-misclassifying-workers-in-ot-suit&ct=ga&cd=CAIyGjAyZGMwZGVhNjQ5ZTY3OWY6Y29tOmVuOlVT&usg=AOvVaw0tOhhWkivTKJ94zGskvfaH	https://www.law360.com/employment-authority/articles/1542008/logistics-co-accused-of-misclassifying-workers-in-ot-suit	law360	2022-10-21 13:20:08 +0400
10527540192365503438	True	https://www.google.com/url?rct=j&sa=t&url=https://www.moneycontrol.com/news/trends/features/trucking-into-the-future-innovations-challenges-and-opportunities-in-the-indian-logistics-sector-9367191.html&ct=ga&cd=CAIyGjAyZGMwZGVhNjQ5ZTY3OWY6Y29tOmVuOlVT&usg=AOvVaw22q1J_DTb6gwBcvyQcPqNe	Trucking into the Future – Innovations, Challenges, and Opportunities in the Indian <b>Logistics</b> Sector	2022-10-21 04:52:26	2022-10-21 04:52:26	The wheels of innovation are transforming the logistics and transportation space in India at a break-neck momentum. India's post-covid resilience&nbsp;...	Logistics	Friday 21. October 2022	https://www.moneycontrol.com/news/trends/features/trucking-into-the-future-innovations-challenges-and-opportunities-in-the-indian-logistics-sector-9367191.html&ct=ga&cd=CAIyGjAyZGMwZGVhNjQ5ZTY3OWY6Y29tOmVuOlVT&usg=AOvVaw22q1J_DTb6gwBcvyQcPqNe	https://www.moneycontrol.com/news/trends/features/trucking-into-the-future-innovations-challenges-and-opportunities-in-the-indian-logistics-sector-9367191.html	moneycontrol	2022-10-21 13:20:08 +0400
4356298104366720233	True	https://www.google.com/url?rct=j&sa=t&url=https://atlantic.ctvnews.ca/drivers-sought-as-atlantic-transportation-and-logistics-show-returns-to-moncton-1.6118174&ct=ga&cd=CAIyGjAyZGMwZGVhNjQ5ZTY3OWY6Y29tOmVuOlVT&usg=AOvVaw3FNt-eil17BMPXvJi5I4df	Drivers sought as Atlantic Transportation and <b>Logistics</b> Show returns to Moncton	2022-10-21 02:57:54	2022-10-21 02:57:54	“The integration is important for trucking logistics and how you properly store raw materials or finished goods in warehouses.” With displays of new&nbsp;...	Logistics	Friday 21. October 2022	https://atlantic.ctvnews.ca/drivers-sought-as-atlantic-transportation-and-logistics-show-returns-to-moncton-1.6118174&ct=ga&cd=CAIyGjAyZGMwZGVhNjQ5ZTY3OWY6Y29tOmVuOlVT&usg=AOvVaw3FNt-eil17BMPXvJi5I4df	https://atlantic.ctvnews.ca/drivers-sought-as-atlantic-transportation-and-logistics-show-returns-to-moncton-1.6118174	atlantic	2022-10-21 13:20:08 +0400
13166322500664231869	True	https://www.google.com/url?rct=j&sa=t&url=https://www.digitimes.com/news/a20221021VL200/energy-crisis-germany-tesla.html&ct=ga&cd=CAIyGjAyZGMwZGVhNjQ5ZTY3OWY6Y29tOmVuOlVT&usg=AOvVaw16JH5FWZf5da1avU1i1Rrh	Tesla notes limits in <b>logistics</b> capacity as delivery grows big - DigiTimes	2022-10-21 02:05:45	2022-10-21 02:05:45	Logistics for vehicle delivery have become more challenging. • Production ramps of both vehicle and 4680-battery continue despite energy crisis in&nbsp;...	Logistics	Friday 21. October 2022	https://www.digitimes.com/news/a20221021VL200/energy-crisis-germany-tesla.html&ct=ga&cd=CAIyGjAyZGMwZGVhNjQ5ZTY3OWY6Y29tOmVuOlVT&usg=AOvVaw16JH5FWZf5da1avU1i1Rrh	https://www.digitimes.com/news/a20221021VL200/energy-crisis-germany-tesla.html	digitimes	2022-10-21 13:20:08 +0400
18045568966758097402	True	https://www.google.com/url?rct=j&sa=t&url=http://global.chinadaily.com.cn/a/202210/21/WS6351f2fea310fd2b29e7dba6.html&ct=ga&cd=CAIyGjAyZGMwZGVhNjQ5ZTY3OWY6Y29tOmVuOlVT&usg=AOvVaw1F_tM6ajLYwMi9A3rGfi4i	Hunan-Africa trade eyes solid boost with major plans for <b>logistics</b> backing	2022-10-21 01:28:57	2022-10-21 01:28:57	Central China's Hunan province will build a number of trade and logistics support platforms to further enrich China-Africa business cooperation&nbsp;...	Logistics	Friday 21. October 2022	http://global.chinadaily.com.cn/a/202210/21/WS6351f2fea310fd2b29e7dba6.html&ct=ga&cd=CAIyGjAyZGMwZGVhNjQ5ZTY3OWY6Y29tOmVuOlVT&usg=AOvVaw1F_tM6ajLYwMi9A3rGfi4i	http://global.chinadaily.com.cn/a/202210/21/WS6351f2fea310fd2b29e7dba6.html	global	2022-10-21 13:20:08 +0400
18215870336949275514	True	https://www.google.com/url?rct=j&sa=t&url=https://www.prnewswire.com/news-releases/echo-global-logistics-launches-truckload-carriers-of-the-quarter-program-to-recognize-outstanding-carrier-performance-301655605.html&ct=ga&cd=CAIyGjAyZGMwZGVhNjQ5ZTY3OWY6Y29tOmVuOlVT&usg=AOvVaw180LOOks5TamlWKZV0k4p0	Echo Global <b>Logistics</b> Launches &quot;Truckload Carriers of the Quarter&quot; Program to Recognize ...	2022-10-20 23:48:41	2022-10-20 23:48:41	"PRNewswire/ -- Echo Global Logistics, Inc. (""Echo""), a leading provider of technology-enabled transportation and supply chain management services,&nbsp;..."	Logistics	Thursday 20. October 2022	https://www.prnewswire.com/news-releases/echo-global-logistics-launches-truckload-carriers-of-the-quarter-program-to-recognize-outstanding-carrier-performance-301655605.html&ct=ga&cd=CAIyGjAyZGMwZGVhNjQ5ZTY3OWY6Y29tOmVuOlVT&usg=AOvVaw180LOOks5TamlWKZV0k4p0	https://www.prnewswire.com/news-releases/echo-global-logistics-launches-truckload-carriers-of-the-quarter-program-to-recognize-outstanding-carrier-performance-301655605.html	prnewswire	2022-10-21 13:20:08 +0400
13791669974202906853	True	https://www.google.com/url?rct=j&sa=t&url=https://www.themiddlemarket.com/latest-news/partners-warehouse-purchases-flex-logistics&ct=ga&cd=CAIyGjAyZGMwZGVhNjQ5ZTY3OWY6Y29tOmVuOlVT&usg=AOvVaw0GV-5sL-AlwC7pn80y2bB1	Partners Warehouse Purchases Flex <b>Logistics</b> - Mergers &amp; Acquisitions	2022-10-20 23:20:48	2022-10-20 23:20:48	Flex is a third-party logistics company servicing customers in the consumer products, food and beverage, spirits and automotive industries.	Logistics	Thursday 20. October 2022	https://www.themiddlemarket.com/latest-news/partners-warehouse-purchases-flex-logistics&ct=ga&cd=CAIyGjAyZGMwZGVhNjQ5ZTY3OWY6Y29tOmVuOlVT&usg=AOvVaw0GV-5sL-AlwC7pn80y2bB1	https://www.themiddlemarket.com/latest-news/partners-warehouse-purchases-flex-logistics	themiddlemarket	2022-10-21 13:20:08 +0400
11973689805074857994	True	https://www.google.com/url?rct=j&sa=t&url=https://www.nasdaq.com/articles/covenant-logistics-cvlg-q3-earnings-and-revenues-beat-estimates&ct=ga&cd=CAIyGjAyZGMwZGVhNjQ5ZTY3OWY6Y29tOmVuOlVT&usg=AOvVaw0BE5C78dE-3hQAShe6A14k	Covenant <b>Logistics</b> (CVLG) Q3 Earnings and Revenues Beat Estimates - Nasdaq	2022-10-20 23:01:41	2022-10-20 23:01:41	Covenant Logistics (CVLG) came out with quarterly earnings of $1.52 per share, beating the Zacks Consensus Estimate of $1.37 per share.	Logistics	Thursday 20. October 2022	https://www.nasdaq.com/articles/covenant-logistics-cvlg-q3-earnings-and-revenues-beat-estimates&ct=ga&cd=CAIyGjAyZGMwZGVhNjQ5ZTY3OWY6Y29tOmVuOlVT&usg=AOvVaw0BE5C78dE-3hQAShe6A14k	https://www.nasdaq.com/articles/covenant-logistics-cvlg-q3-earnings-and-revenues-beat-estimates	nasdaq	2022-10-21 13:20:08 +0400
3884485430743671122	True	https://www.google.com/url?rct=j&sa=t&url=https://propertyeu.info/Nieuws/SFO-Capital-and-Garbe-close-Milan-logistics-development-deal/80e05963-dead-440f-8104-09cb9f69ff82&ct=ga&cd=CAIyGjAyZGMwZGVhNjQ5ZTY3OWY6Y29tOmVuOlVT&usg=AOvVaw3eY5GMHswCmho8Q293V34q	SFO Capital and Garbe close Milan <b>logistics</b> development deal - propertyEU	2022-10-20 22:32:53	2022-10-20 22:32:53	Global real estate investor and investment manager SFO Capital Partners and European logistics specialist Garbe Industrial Real Estate,&nbsp;...	Logistics	Thursday 20. October 2022	https://propertyeu.info/Nieuws/SFO-Capital-and-Garbe-close-Milan-logistics-development-deal/80e05963-dead-440f-8104-09cb9f69ff82&ct=ga&cd=CAIyGjAyZGMwZGVhNjQ5ZTY3OWY6Y29tOmVuOlVT&usg=AOvVaw3eY5GMHswCmho8Q293V34q	https://propertyeu.info/Nieuws/SFO-Capital-and-Garbe-close-Milan-logistics-development-deal/80e05963-dead-440f-8104-09cb9f69ff82	propertyeu	2022-10-21 13:20:08 +0400
470297040509258374	True	https://www.google.com/url?rct=j&sa=t&url=https://rejournals.com/dermody-properties-acquires-allstate-campus-plans-to-break-ground-on-the-logistics-campus/&ct=ga&cd=CAIyGjAyZGMwZGVhNjQ5ZTY3OWY6Y29tOmVuOlVT&usg=AOvVaw1xfrj5tT79013Q1_Q0Xuem	Dermody Properties acquires Allstate Campus, plans to break ground on the <b>Logistics</b> Campus	2022-10-20 22:26:17	2022-10-20 22:26:17	The 232-acre site will become a logistics-focused campus designed to serve logistics customers who value immediate access to local consumers. The&nbsp;...	Logistics	Thursday 20. October 2022	https://rejournals.com/dermody-properties-acquires-allstate-campus-plans-to-break-ground-on-the-logistics-campus/&ct=ga&cd=CAIyGjAyZGMwZGVhNjQ5ZTY3OWY6Y29tOmVuOlVT&usg=AOvVaw1xfrj5tT79013Q1_Q0Xuem	https://rejournals.com/dermody-properties-acquires-allstate-campus-plans-to-break-ground-on-the-logistics-campus/	rejournals	2022-10-21 13:20:08 +0400
7534516727334516325	True	https://www.google.com/url?rct=j&sa=t&url=https://rejournals.com/dermody-properties-acquires-allstate-campus-plans-to-break-ground-on-the-logistics-campus/%3Futm_source%3Drss%26utm_medium%3Drss%26utm_campaign%3Ddermody-properties-acquires-allstate-campus-plans-to-break-ground-on-the-logistics-campus&ct=ga&cd=CAIyGjAyZGMwZGVhNjQ5ZTY3OWY6Y29tOmVuOlVT&usg=AOvVaw1qkifDnMHNSaCXJlxiWFcg	Dermody Properties acquires Allstate Campus, plans to break ground on the <b>Logistics</b> ...	2022-10-20 22:11:22	2022-10-20 22:11:22	The Logistics Campus is a planned, 10-building logistics park totaling 3,235,020 available square feet with flexibility to accommodate build-to-suits.	Logistics	Thursday 20. October 2022	https://rejournals.com/dermody-properties-acquires-allstate-campus-plans-to-break-ground-on-the-logistics-campus/%3Futm_source%3Drss%26utm_medium%3Drss%26utm_campaign%3Ddermody-properties-acquires-allstate-campus-plans-to-break-ground-on-the-logistics-campus&ct=ga&cd=CAIyGjAyZGMwZGVhNjQ5ZTY3OWY6Y29tOmVuOlVT&usg=AOvVaw1qkifDnMHNSaCXJlxiWFcg	https://rejournals.com/dermody-properties-acquires-allstate-campus-plans-to-break-ground-on-the-logistics-campus/%3Futm_source%3Drss%26utm_medium%3Drss%26utm_campaign%3Ddermody-properties-acquires-allstate-campus-plans-to-break-ground-on-the-logistics-campus	rejournals	2022-10-21 13:20:08 +0400
2318538913727012158	True	https://www.google.com/url?rct=j&sa=t&url=https://www.logisticsmgmt.com/article/qa_lift_truck_financing_and_leasing_options&ct=ga&cd=CAIyGjAyZGMwZGVhNjQ5ZTY3OWY6Y29tOmVuOlVT&usg=AOvVaw38AXwFD7ZOWWvHk_ehjXiE	Q&amp;A: Lift truck financing and leasing options - <b>Logistics</b> Management	2022-10-20 22:05:36	2022-10-20 22:05:36	Subscribe to Logistics Management Magazine! Subscribe today. It's FREE! Get timely insider information that you can use to better manage your entire&nbsp;...	Logistics	Thursday 20. October 2022	https://www.logisticsmgmt.com/article/qa_lift_truck_financing_and_leasing_options&ct=ga&cd=CAIyGjAyZGMwZGVhNjQ5ZTY3OWY6Y29tOmVuOlVT&usg=AOvVaw38AXwFD7ZOWWvHk_ehjXiE	https://www.logisticsmgmt.com/article/qa_lift_truck_financing_and_leasing_options	logisticsmgmt	2022-10-21 13:20:08 +0400
3191453856056575747	True	https://www.google.com/url?rct=j&sa=t&url=https://www.freightwaves.com/news/covenant-logistics-announces-leadership-change&ct=ga&cd=CAIyGjAyZGMwZGVhNjQ5ZTY3OWY6Y29tOmVuOlVT&usg=AOvVaw0wb2vZf3qz-EAcuCi09voe	Covenant <b>Logistics</b> announces leadership change - FreightWaves	2022-10-20 22:03:43	2022-10-20 22:03:43	Covenant Logistics announces in its third-quarter earnings release that Paul Bunn will be president and COO in the latest management changes.	Logistics	Thursday 20. October 2022	https://www.freightwaves.com/news/covenant-logistics-announces-leadership-change&ct=ga&cd=CAIyGjAyZGMwZGVhNjQ5ZTY3OWY6Y29tOmVuOlVT&usg=AOvVaw0wb2vZf3qz-EAcuCi09voe	https://www.freightwaves.com/news/covenant-logistics-announces-leadership-change	freightwaves	2022-10-21 13:20:08 +0400
9237974807647686242	True	https://www.google.com/url?rct=j&sa=t&url=https://supplychaindigital.com/logistics/slowing-freight-manufacturing-signals-recession-reuters&ct=ga&cd=CAIyGjAyZGMwZGVhNjQ5ZTY3OWY6Y29tOmVuOlVT&usg=AOvVaw158S_ON1wOokYaIN0tFItr	Slowing freight &amp; manufacturing signals recession - Reuters | Supply Chain Digital	2022-10-20 21:18:58	2022-10-20 21:18:58	... opportunity for supply chain resilience'. Supply Chain Risk Management &middot; Nike inventory surplus forces wholesale strategy rethink. Logistics&nbsp;...	Logistics	Thursday 20. October 2022	https://supplychaindigital.com/logistics/slowing-freight-manufacturing-signals-recession-reuters&ct=ga&cd=CAIyGjAyZGMwZGVhNjQ5ZTY3OWY6Y29tOmVuOlVT&usg=AOvVaw158S_ON1wOokYaIN0tFItr	https://supplychaindigital.com/logistics/slowing-freight-manufacturing-signals-recession-reuters	supplychaindigital	2022-10-21 13:20:08 +0400
1274740294002370454	True	https://www.google.com/url?rct=j&sa=t&url=https://www.manisteenews.com/business/article/Covenant-Logistics-Q3-Earnings-Snapshot-17523244.php&ct=ga&cd=CAIyGjAyZGMwZGVhNjQ5ZTY3OWY6Y29tOmVuOlVT&usg=AOvVaw2r9SK3QVH8Ou2Cs8ycmPRz	Covenant <b>Logistics</b>: Q3 Earnings Snapshot - Manistee News Advocate	2022-10-20 20:48:03	2022-10-20 20:48:03	(AP) _ Covenant Logistics Group, Inc. (CVLG) on Thursday reported third-quarter profit of $50.5 million. On a per-share basis, the Chattanooga,&nbsp;...	Logistics	Thursday 20. October 2022	https://www.manisteenews.com/business/article/Covenant-Logistics-Q3-Earnings-Snapshot-17523244.php&ct=ga&cd=CAIyGjAyZGMwZGVhNjQ5ZTY3OWY6Y29tOmVuOlVT&usg=AOvVaw2r9SK3QVH8Ou2Cs8ycmPRz	https://www.manisteenews.com/business/article/Covenant-Logistics-Q3-Earnings-Snapshot-17523244.php	manisteenews	2022-10-21 13:20:08 +0400
7665807632511382103	True	https://www.google.com/url?rct=j&sa=t&url=https://www.seymourjohnson.af.mil/News/Article-Display/Article/3195098/4th-lrs-maintains-supply/&ct=ga&cd=CAIyGjAyZGMwZGVhNjQ5ZTY3OWY6Y29tOmVuOlVT&usg=AOvVaw0RkR1F9rrbsKfUsLOyJoKv	4th LRS maintains supply - Seymour Johnson Air Force Base	2022-10-20 20:03:13	2022-10-20 20:03:13	Airman 1st Class Lyka Domingo (left) and Airman Wayne West, both 4th Logistics Readiness Squadron supply technicians, ensure appropriate inventory&nbsp;...	Logistics	Thursday 20. October 2022	https://www.seymourjohnson.af.mil/News/Article-Display/Article/3195098/4th-lrs-maintains-supply/&ct=ga&cd=CAIyGjAyZGMwZGVhNjQ5ZTY3OWY6Y29tOmVuOlVT&usg=AOvVaw0RkR1F9rrbsKfUsLOyJoKv	https://www.seymourjohnson.af.mil/News/Article-Display/Article/3195098/4th-lrs-maintains-supply/	seymourjohnson	2022-10-21 13:20:08 +0400
11134795239194721186	True	https://www.google.com/url?rct=j&sa=t&url=https://www.reuters.com/markets/europe/adnoc-invites-banks-pitch-ipo-logistics-unit-sources-2022-10-20/&ct=ga&cd=CAIyGjAyZGMwZGVhNjQ5ZTY3OWY6Y29tOmVuOlVT&usg=AOvVaw30Sb15o5Z2-UIZYvTp5Q5g	ADNOC invites banks to pitch for IPO of <b>logistics</b> unit- sources - Reuters	2022-10-20 19:58:19	2022-10-20 19:58:19	Reuters reported last year that ADNOC was weighing a potential float of ADNOC Logistics &amp; Services (ADNOC L&amp;S) in 2022. Banks are pitching for&nbsp;...	Logistics	Thursday 20. October 2022	https://www.reuters.com/markets/europe/adnoc-invites-banks-pitch-ipo-logistics-unit-sources-2022-10-20/&ct=ga&cd=CAIyGjAyZGMwZGVhNjQ5ZTY3OWY6Y29tOmVuOlVT&usg=AOvVaw30Sb15o5Z2-UIZYvTp5Q5g	https://www.reuters.com/markets/europe/adnoc-invites-banks-pitch-ipo-logistics-unit-sources-2022-10-20/	reuters	2022-10-21 13:20:08 +0400
2047375616291878359	True	https://www.google.com/url?rct=j&sa=t&url=https://theloadstar.com/shippers-can-profit-from-dps-ambitions-for-romania-as-a-logistics-gateway/&ct=ga&cd=CAIyGjAyZGMwZGVhNjQ5ZTY3OWY6Y29tOmVuOlVT&usg=AOvVaw0j00xkl-5HZJFwlCm6om_T	Shippers can profit from DPW's ambitions for Romania as a <b>logistics</b> gateway - The Loadstar	2022-10-20 19:01:35	2022-10-20 19:01:35	Dubai-based port and logistics company DP World is building a regional logistics centre on Romania's central plain, some 650km north-west of&nbsp;...	Logistics	Thursday 20. October 2022	https://theloadstar.com/shippers-can-profit-from-dps-ambitions-for-romania-as-a-logistics-gateway/&ct=ga&cd=CAIyGjAyZGMwZGVhNjQ5ZTY3OWY6Y29tOmVuOlVT&usg=AOvVaw0j00xkl-5HZJFwlCm6om_T	https://theloadstar.com/shippers-can-profit-from-dps-ambitions-for-romania-as-a-logistics-gateway/	theloadstar	2022-10-21 13:20:08 +0400
18178057713869293922	True	https://www.google.com/url?rct=j&sa=t&url=https://www.abccolumbia.com/2022/10/20/arcadia-cold-storage-logistics-investing-70-million-in-dorchester-county-with-new-facility/&ct=ga&cd=CAIyGjAyZGMwZGVhNjQ5ZTY3OWY6Y29tOmVuOlVT&usg=AOvVaw0ZF8HvItSU2GUpdRsKtAZp	Arcadia Cold Storage &amp; <b>Logistics</b> investing $70 million in Dorchester County with new facility	2022-10-20 18:57:22	2022-10-20 18:57:22	Arcadia Cold Storage &amp; Logistics will use Port of Charleston to support import and export trade. In a release, Governor Henry McMaster says, ““The&nbsp;...	Logistics	Thursday 20. October 2022	https://www.abccolumbia.com/2022/10/20/arcadia-cold-storage-logistics-investing-70-million-in-dorchester-county-with-new-facility/&ct=ga&cd=CAIyGjAyZGMwZGVhNjQ5ZTY3OWY6Y29tOmVuOlVT&usg=AOvVaw0ZF8HvItSU2GUpdRsKtAZp	https://www.abccolumbia.com/2022/10/20/arcadia-cold-storage-logistics-investing-70-million-in-dorchester-county-with-new-facility/	abccolumbia	2022-10-21 13:20:08 +0400
18019753473014498074	True	https://www.google.com/url?rct=j&sa=t&url=https://inc42.com/buzz/indiamarts-q2-fy23-profit-narrows-16-yoy-to-inr-68-cr/&ct=ga&cd=CAIyGjRiMGM4Yjg2NjcxZGZjNzY6Y29tOmVuOlVT&usg=AOvVaw2byLvlxvcWPBvlGKgt0F5G	IndiaMART's Q2 FY23 Profit Narrows 16% YoY To INR 68 Cr - Inc42	2022-10-21 01:35:37	2022-10-21 01:35:37	B2B ecommerce major IndiaMART reported a consolidated net profit of INR ... IndiaMART is a B2B marketplace that operates at the intersection of&nbsp;...	B2B Marketplace	Friday 21. October 2022	https://inc42.com/buzz/indiamarts-q2-fy23-profit-narrows-16-yoy-to-inr-68-cr/&ct=ga&cd=CAIyGjRiMGM4Yjg2NjcxZGZjNzY6Y29tOmVuOlVT&usg=AOvVaw2byLvlxvcWPBvlGKgt0F5G	https://inc42.com/buzz/indiamarts-q2-fy23-profit-narrows-16-yoy-to-inr-68-cr/	inc42	2022-10-21 13:20:08 +0400
12568277324929283344	True	https://www.google.com/url?rct=j&sa=t&url=https://www.qgazette.com/articles/qedcs-upcoming-classes/&ct=ga&cd=CAIyGjRiMGM4Yjg2NjcxZGZjNzY6Y29tOmVuOlVT&usg=AOvVaw212hYnlu8EZauUSRt2R17r	QEDC's Upcoming Classes - Queens Gazette	2022-10-20 23:04:26	2022-10-20 23:04:26	Founder's Friday: How I Built and Sold My B2B Marketplace in 4 Years. 10/21 at 11am. Sit down with Victor Hunt. He founded and sold Astorian.com,&nbsp;...	B2B Marketplace	Thursday 20. October 2022	https://www.qgazette.com/articles/qedcs-upcoming-classes/&ct=ga&cd=CAIyGjRiMGM4Yjg2NjcxZGZjNzY6Y29tOmVuOlVT&usg=AOvVaw212hYnlu8EZauUSRt2R17r	https://www.qgazette.com/articles/qedcs-upcoming-classes/	qgazette	2022-10-21 13:20:08 +0400
16575805758766046238	True	https://www.google.com/url?rct=j&sa=t&url=https://www.demandgenreport.com/features/news-briefs/wistia-unveils-live-feature-to-empower-webinars&ct=ga&cd=CAIyGjRiMGM4Yjg2NjcxZGZjNzY6Y29tOmVuOlVT&usg=AOvVaw0Bq6FIw4S1zcFvCIsKU8kB	Wistia Unveils Live Feature To Empower Webinars - Demand Gen Report	2022-10-20 20:50:49	2022-10-20 20:50:49	Wistia, a video marketing platform, launched Wistia Live, a new feature that seeks to empower B2B marketers to create, host, market and analyze&nbsp;...	B2B Marketplace	Thursday 20. October 2022	https://www.demandgenreport.com/features/news-briefs/wistia-unveils-live-feature-to-empower-webinars&ct=ga&cd=CAIyGjRiMGM4Yjg2NjcxZGZjNzY6Y29tOmVuOlVT&usg=AOvVaw0Bq6FIw4S1zcFvCIsKU8kB	https://www.demandgenreport.com/features/news-briefs/wistia-unveils-live-feature-to-empower-webinars	demandgenreport	2022-10-21 13:20:08 +0400
10436225141585712709	True	https://www.google.com/url?rct=j&sa=t&url=https://www.einnews.com/pr_news/596978333/metaverse-spectrum-business-conference-expo-announces-music-in-the-metaverse-panel&ct=ga&cd=CAIyGjRiMGM4Yjg2NjcxZGZjNzY6Y29tOmVuOlVT&usg=AOvVaw3fmkSBBonSpvZyPqzEvnOE	Metaverse Spectrum Business Conference &amp; Expo Announces Music in the Metaverse Panel	2022-10-20 20:36:24	2022-10-20 20:36:24	It was formed to bridge the gap between buyers and sellers in the metaverse industry, providing the B2B market with educational venues.	B2B Marketplace	Thursday 20. October 2022	https://www.einnews.com/pr_news/596978333/metaverse-spectrum-business-conference-expo-announces-music-in-the-metaverse-panel&ct=ga&cd=CAIyGjRiMGM4Yjg2NjcxZGZjNzY6Y29tOmVuOlVT&usg=AOvVaw3fmkSBBonSpvZyPqzEvnOE	https://www.einnews.com/pr_news/596978333/metaverse-spectrum-business-conference-expo-announces-music-in-the-metaverse-panel	einnews	2022-10-21 13:20:08 +0400
2628227665051416280	True	https://www.google.com/url?rct=j&sa=t&url=https://www.digitalcommerce360.com/2022/10/20/msc-industrial-pushes-ecommerce-to-63-of-total-sales/&ct=ga&cd=CAIyGjRiMGM4Yjg2NjcxZGZjNzY6Y29tOmVuOlVT&usg=AOvVaw33-NRX16kPCbS77KiH4k9p	MSC Industrial pushes ecommerce to 63% of total sales - Digital Commerce 360	2022-10-20 20:35:24	2022-10-20 20:35:24	... Solutions subsidiary, which focuses on the OEM market, MSC said. ... Sign up for a complimentary subscription to Digital Commerce 360 B2B News&nbsp;...	B2B Marketplace	Thursday 20. October 2022	https://www.digitalcommerce360.com/2022/10/20/msc-industrial-pushes-ecommerce-to-63-of-total-sales/&ct=ga&cd=CAIyGjRiMGM4Yjg2NjcxZGZjNzY6Y29tOmVuOlVT&usg=AOvVaw33-NRX16kPCbS77KiH4k9p	https://www.digitalcommerce360.com/2022/10/20/msc-industrial-pushes-ecommerce-to-63-of-total-sales/	digitalcommerce360	2022-10-21 13:20:08 +0400
10333109089739051836	True	https://www.google.com/url?rct=j&sa=t&url=https://www.pymnts.com/news/b2b-payments/2022/today-in-b2b-payments-firms-launch-bnpl-mobile-app-storefront/&ct=ga&cd=CAIyGjRiMGM4Yjg2NjcxZGZjNzY6Y29tOmVuOlVT&usg=AOvVaw0jItllYr3rKTBFBQQbkk9N	Today in <b>B2B</b> Payments: Firms Launch BNPL, Mobile App, Storefront - PYMNTS.com	2022-10-20 20:31:05	2022-10-20 20:31:05	Today in B2B payments, Ionia and Certegy roll out a new BNPL offering, Wave debuts a new ... B2B Marketplace MaxAB Raises $40M for MENAP Expansion.	B2B Marketplace	Thursday 20. October 2022	https://www.pymnts.com/news/b2b-payments/2022/today-in-b2b-payments-firms-launch-bnpl-mobile-app-storefront/&ct=ga&cd=CAIyGjRiMGM4Yjg2NjcxZGZjNzY6Y29tOmVuOlVT&usg=AOvVaw0jItllYr3rKTBFBQQbkk9N	https://www.pymnts.com/news/b2b-payments/2022/today-in-b2b-payments-firms-launch-bnpl-mobile-app-storefront/	pymnts	2022-10-21 13:20:08 +0400
18234451172704093438	True	https://www.google.com/url?rct=j&sa=t&url=https://customerthink.com/3-ecommerce-considerations-to-attract-and-retain-b2b-buyers/&ct=ga&cd=CAIyGjRiMGM4Yjg2NjcxZGZjNzY6Y29tOmVuOlVT&usg=AOvVaw1ZOwTYMTl5HzrDq_1IJjEp	3 eCommerce Considerations to Attract and Retain <b>B2B</b> Buyers | CustomerThink	2022-10-20 19:53:42	2022-10-20 19:53:42	That poses a risky loss as the B2B eCommerce market was valued at $7.35 Trillion in 2020 and is predicted to create revenue of roughly $18.57&nbsp;...	B2B Marketplace	Thursday 20. October 2022	https://customerthink.com/3-ecommerce-considerations-to-attract-and-retain-b2b-buyers/&ct=ga&cd=CAIyGjRiMGM4Yjg2NjcxZGZjNzY6Y29tOmVuOlVT&usg=AOvVaw1ZOwTYMTl5HzrDq_1IJjEp	https://customerthink.com/3-ecommerce-considerations-to-attract-and-retain-b2b-buyers/	customerthink	2022-10-21 13:20:08 +0400
8859564744858531190	True	https://www.google.com/url?rct=j&sa=t&url=https://www.globenewswire.com/news-release/2022/10/20/2538757/0/en/Metaverse-Spectrum-Business-Conference-Expo-Announces-Music-in-the-Metaverse-Panel.html&ct=ga&cd=CAIyGjRiMGM4Yjg2NjcxZGZjNzY6Y29tOmVuOlVT&usg=AOvVaw2pUnPvELBJRvqMBnJBEloQ	Metaverse Spectrum Business Conference &amp; Expo Announces - GlobeNewswire	2022-10-20 18:17:33	2022-10-20 18:17:33	... Oct. 20, 2022 (GLOBE NEWSWIRE) -- The first-ever B2B metaverse conference, ... The Metaverse Spectrum is an online marketplace for metaverse&nbsp;...	B2B Marketplace	Thursday 20. October 2022	https://www.globenewswire.com/news-release/2022/10/20/2538757/0/en/Metaverse-Spectrum-Business-Conference-Expo-Announces-Music-in-the-Metaverse-Panel.html&ct=ga&cd=CAIyGjRiMGM4Yjg2NjcxZGZjNzY6Y29tOmVuOlVT&usg=AOvVaw2pUnPvELBJRvqMBnJBEloQ	https://www.globenewswire.com/news-release/2022/10/20/2538757/0/en/Metaverse-Spectrum-Business-Conference-Expo-Announces-Music-in-the-Metaverse-Panel.html	globenewswire	2022-10-21 13:20:08 +0400
15490925218769523404	True	https://www.google.com/url?rct=j&sa=t&url=https://www.morningbrew.com/sidekick/stories/jumping-from-business-plan-to-business&ct=ga&cd=CAIyGjRiMGM4Yjg2NjcxZGZjNzY6Y29tOmVuOlVT&usg=AOvVaw2agf46gjg3CPSdBNCwqcD6	The Solo List: Baby steps - Morning Brew	2022-10-20 18:06:29	2022-10-20 18:06:29	They both had experience as marketplace founders, and they decided they'd move forward with a business-to-business (B2B) marketplace model.	B2B Marketplace	Thursday 20. October 2022	https://www.morningbrew.com/sidekick/stories/jumping-from-business-plan-to-business&ct=ga&cd=CAIyGjRiMGM4Yjg2NjcxZGZjNzY6Y29tOmVuOlVT&usg=AOvVaw2agf46gjg3CPSdBNCwqcD6	https://www.morningbrew.com/sidekick/stories/jumping-from-business-plan-to-business	morningbrew	2022-10-21 13:20:08 +0400
1357834663867790158	True	https://www.google.com/url?rct=j&sa=t&url=https://www.streetinsider.com/Investor%2BBrand%2BNetwork/Commercial%2BTraffic%2BInfrastructure%2BProjects%2Band%2BSupply%2BChain%2BTech%2BInnovations%2Bby%2BFreight%2BTechnologies%2BInc.%2B(NASDAQ:%2BFRGT)%2BHighlight%2BEconomic%2BValue%2Bof%2BCross-border%2BTrade/20727230.html&ct=ga&cd=CAIyGjRiMGM4Yjg2NjcxZGZjNzY6Y29tOmVuOlVT&usg=AOvVaw0ZrnVlAw7T1Qn7aMyAoCWH	Commercial Traffic Infrastructure Projects and Supply Chain Tech Innovations by Freight ...	2022-10-20 17:56:26	2022-10-20 17:56:26	... Freight Technologies' Fr8App B2B marketplace helps improve ... new record quarterly revenue and expects improving market conditions as the&nbsp;...	B2B Marketplace	Thursday 20. October 2022	https://www.streetinsider.com/Investor%2BBrand%2BNetwork/Commercial%2BTraffic%2BInfrastructure%2BProjects%2Band%2BSupply%2BChain%2BTech%2BInnovations%2Bby%2BFreight%2BTechnologies%2BInc.%2B(NASDAQ:%2BFRGT)%2BHighlight%2BEconomic%2BValue%2Bof%2BCross-border%2BTrade/20727230.html&ct=ga&cd=CAIyGjRiMGM4Yjg2NjcxZGZjNzY6Y29tOmVuOlVT&usg=AOvVaw0ZrnVlAw7T1Qn7aMyAoCWH	https://www.streetinsider.com/Investor%2BBrand%2BNetwork/Commercial%2BTraffic%2BInfrastructure%2BProjects%2Band%2BSupply%2BChain%2BTech%2BInnovations%2Bby%2BFreight%2BTechnologies%2BInc.%2B(NASDAQ:%2BFRGT)%2BHighlight%2BEconomic%2BValue%2Bof%2BCross-border%2BTrade/20727230.html	streetinsider	2022-10-21 13:20:08 +0400
4668028879998679528	True	https://www.google.com/url?rct=j&sa=t&url=https://markets.financialcontent.com/stocks/article/nnwire-2022-10-20-commercial-traffic-infrastructure-projects-and-supply-chain-tech-innovations-by-freight-technologies-inc-nasdaq-frgt-highlight-economic-value-of-cross-border-trade&ct=ga&cd=CAIyGjRiMGM4Yjg2NjcxZGZjNzY6Y29tOmVuOlVT&usg=AOvVaw2O4-P3zz-xBNYzX2DHXIPH	Commercial Traffic Infrastructure Projects and Supply Chain Tech Innovations by Freight ...	2022-10-20 17:50:20	2022-10-20 17:50:20	... Freight Technologies' Fr8App B2B marketplace helps improve ... and expects improving market conditions as the nation continues to rebound from&nbsp;...	B2B Marketplace	Thursday 20. October 2022	https://markets.financialcontent.com/stocks/article/nnwire-2022-10-20-commercial-traffic-infrastructure-projects-and-supply-chain-tech-innovations-by-freight-technologies-inc-nasdaq-frgt-highlight-economic-value-of-cross-border-trade&ct=ga&cd=CAIyGjRiMGM4Yjg2NjcxZGZjNzY6Y29tOmVuOlVT&usg=AOvVaw2O4-P3zz-xBNYzX2DHXIPH	https://markets.financialcontent.com/stocks/article/nnwire-2022-10-20-commercial-traffic-infrastructure-projects-and-supply-chain-tech-innovations-by-freight-technologies-inc-nasdaq-frgt-highlight-economic-value-of-cross-border-trade	markets	2022-10-21 13:20:08 +0400
1860249586122169249	True	https://www.google.com/url?rct=j&sa=t&url=https://www.pymnts.com/news/investment-tracker/2022/credit-key-raises-115m-in-debt-equity-to-grow-b2b-bnpl/&ct=ga&cd=CAIyGjRiMGM4Yjg2NjcxZGZjNzY6Y29tOmVuOlVT&usg=AOvVaw0quANNwN3R2qqtxQEwf60l	Credit Key Raises $115M in Debt, Equity to Grow <b>B2B</b> BNPL - PYMNTS.com	2022-10-20 17:27:05	2022-10-20 17:27:05	Credit Key points to the B2B eCommerce market as being an estimated two times the size of B2C and growing faster but there are fewer options for&nbsp;...	B2B Marketplace	Thursday 20. October 2022	https://www.pymnts.com/news/investment-tracker/2022/credit-key-raises-115m-in-debt-equity-to-grow-b2b-bnpl/&ct=ga&cd=CAIyGjRiMGM4Yjg2NjcxZGZjNzY6Y29tOmVuOlVT&usg=AOvVaw0quANNwN3R2qqtxQEwf60l	https://www.pymnts.com/news/investment-tracker/2022/credit-key-raises-115m-in-debt-equity-to-grow-b2b-bnpl/	pymnts	2022-10-21 13:20:08 +0400
7747975919371693192	True	https://www.google.com/url?rct=j&sa=t&url=https://www.openpr.com/news/2774432/b2b-payments-market-is-booming-worldwide-american-express&ct=ga&cd=CAIyGjRiMGM4Yjg2NjcxZGZjNzY6Y29tOmVuOlVT&usg=AOvVaw001pz3-rl8RwEWytdv1rju	<b>B2B</b> Payments <b>Market</b> is Booming Worldwide | American Express, - openPR.com	2022-10-20 13:22:42	2022-10-20 13:22:42	Press release - AMA Research &amp; Media LLP - B2B Payments Market is Booming Worldwide | American Express, JPMorgan Chase, Square - published on&nbsp;...	B2B Marketplace	Thursday 20. October 2022	https://www.openpr.com/news/2774432/b2b-payments-market-is-booming-worldwide-american-express&ct=ga&cd=CAIyGjRiMGM4Yjg2NjcxZGZjNzY6Y29tOmVuOlVT&usg=AOvVaw001pz3-rl8RwEWytdv1rju	https://www.openpr.com/news/2774432/b2b-payments-market-is-booming-worldwide-american-express	openpr	2022-10-21 13:20:08 +0400
10066757803044433555	True	https://www.google.com/url?rct=j&sa=t&url=https://www.openpr.com/news/2774426/b2b-e-commerce-market-is-going-to-boom-axway-netalogue&ct=ga&cd=CAIyGjRiMGM4Yjg2NjcxZGZjNzY6Y29tOmVuOlVT&usg=AOvVaw0LazlN2NGsTRkLZ_PKCsQ2	<b>B2B</b> E-Commerce <b>Market</b> is Going to Boom | Axway, Netalogue, - openPR.com	2022-10-20 13:22:39	2022-10-20 13:22:39	Press release - AMA Research &amp; Media LLP - B2B E-Commerce Market is Going to Boom | Axway, Netalogue, Techdinamics - published on openPR.com.	B2B Marketplace	Thursday 20. October 2022	https://www.openpr.com/news/2774426/b2b-e-commerce-market-is-going-to-boom-axway-netalogue&ct=ga&cd=CAIyGjRiMGM4Yjg2NjcxZGZjNzY6Y29tOmVuOlVT&usg=AOvVaw0LazlN2NGsTRkLZ_PKCsQ2	https://www.openpr.com/news/2774426/b2b-e-commerce-market-is-going-to-boom-axway-netalogue	openpr	2022-10-21 13:20:08 +0400
17152952128452667750	True	https://www.google.com/url?rct=j&sa=t&url=https://www.vccircle.com/saasstartup-goldsetu-closes-seed-round-makes-maiden-bet-in-b2b-jewellery-space&ct=ga&cd=CAIyGjRiMGM4Yjg2NjcxZGZjNzY6Y29tOmVuOlVT&usg=AOvVaw1Nh7BWjRYu2CZlyPyeO8iv	SaaS startup Goldsetu closes seed round; makes maiden bet in <b>B2B</b> jewellery space	2022-10-20 12:16:59	2022-10-20 12:16:59	The startup further said that with the new acquisition, it aims to strengthen its B2B portfolio and deepen its jewellery market penetration. Founded&nbsp;...	B2B Marketplace	Thursday 20. October 2022	https://www.vccircle.com/saasstartup-goldsetu-closes-seed-round-makes-maiden-bet-in-b2b-jewellery-space&ct=ga&cd=CAIyGjRiMGM4Yjg2NjcxZGZjNzY6Y29tOmVuOlVT&usg=AOvVaw1Nh7BWjRYu2CZlyPyeO8iv	https://www.vccircle.com/saasstartup-goldsetu-closes-seed-round-makes-maiden-bet-in-b2b-jewellery-space	vccircle	2022-10-21 13:20:08 +0400
3742109924447716117	True	https://www.google.com/url?rct=j&sa=t&url=https://thesportsforward.com/uncategorized/digital-transformation-market-in-the-b2b-sector-market-forecasts-valuable-growth-over-2022-2029-alibaba-sap-bain-company-amazon-inc-ibm-axway-etc/1431395/&ct=ga&cd=CAIyGjRiMGM4Yjg2NjcxZGZjNzY6Y29tOmVuOlVT&usg=AOvVaw3F1ZN2D0kvcYN9Gpuc7Z6O	Digital Transformation <b>Market</b> in the <b>B2B</b> Sector <b>Market</b> Forecasts Valuable Growth Over 2022-2029	2022-10-20 12:05:11	2022-10-20 12:05:11	Data were gathered from a variety of Digital Transformation Market in the B2B Sector industry sectors and global clientele groups to help with this&nbsp;...	B2B Marketplace	Thursday 20. October 2022	https://thesportsforward.com/uncategorized/digital-transformation-market-in-the-b2b-sector-market-forecasts-valuable-growth-over-2022-2029-alibaba-sap-bain-company-amazon-inc-ibm-axway-etc/1431395/&ct=ga&cd=CAIyGjRiMGM4Yjg2NjcxZGZjNzY6Y29tOmVuOlVT&usg=AOvVaw3F1ZN2D0kvcYN9Gpuc7Z6O	https://thesportsforward.com/uncategorized/digital-transformation-market-in-the-b2b-sector-market-forecasts-valuable-growth-over-2022-2029-alibaba-sap-bain-company-amazon-inc-ibm-axway-etc/1431395/	thesportsforward	2022-10-21 13:20:08 +0400
3632020117533650507	True	https://www.google.com/url?rct=j&sa=t&url=http://www.itnewsonline.com/PRNewswire/Google-Chrome-To-Put-Ad-Blockers-Out-Of-Business-DesignRush-Spotlight/878245&ct=ga&cd=CAIyGjRiMGM4Yjg2NjcxZGZjNzY6Y29tOmVuOlVT&usg=AOvVaw1vQ5NaycOGUUF3khlIAr1K	Google Chrome To Put Ad Blockers Out Of Business [DesignRush Spotlight]	2022-10-20 11:10:49	2022-10-20 11:10:49	DesignRush, a B2B marketplace connecting businesses with agencies, explained how ad blockers work and how their elimination may affect users and&nbsp;...	B2B Marketplace	Thursday 20. October 2022	http://www.itnewsonline.com/PRNewswire/Google-Chrome-To-Put-Ad-Blockers-Out-Of-Business-DesignRush-Spotlight/878245&ct=ga&cd=CAIyGjRiMGM4Yjg2NjcxZGZjNzY6Y29tOmVuOlVT&usg=AOvVaw1vQ5NaycOGUUF3khlIAr1K	http://www.itnewsonline.com/PRNewswire/Google-Chrome-To-Put-Ad-Blockers-Out-Of-Business-DesignRush-Spotlight/878245	itnewsonline	2022-10-21 13:20:08 +0400
5854169934933717676	True	https://www.google.com/url?rct=j&sa=t&url=https://www.business-standard.com/article/news-cm/indiamart-intermesh-slips-after-q2-pat-contracts-nearly-17-yoy-122102000826_1.html&ct=ga&cd=CAIyGjRiMGM4Yjg2NjcxZGZjNzY6Y29tOmVuOlVT&usg=AOvVaw2FBxvzvHuRCoQ0PMHLsmR4	IndiaMART InterMESH slips after Q2 PAT contracts nearly 17% YoY - Business Standard	2022-10-20 10:57:08	2022-10-20 10:57:08	IndiaMART is India's largest online B2B marketplace for business products and services. Powered by Capital Market - Live News.	B2B Marketplace	Thursday 20. October 2022	https://www.business-standard.com/article/news-cm/indiamart-intermesh-slips-after-q2-pat-contracts-nearly-17-yoy-122102000826_1.html&ct=ga&cd=CAIyGjRiMGM4Yjg2NjcxZGZjNzY6Y29tOmVuOlVT&usg=AOvVaw2FBxvzvHuRCoQ0PMHLsmR4	https://www.business-standard.com/article/news-cm/indiamart-intermesh-slips-after-q2-pat-contracts-nearly-17-yoy-122102000826_1.html	business-standard	2022-10-21 13:20:08 +0400
8847726118414427589	True	https://www.google.com/url?rct=j&sa=t&url=https://www.capitalmarket.com/news/hot-pursuit/indiamart-intermesh-slips-after-q2-pat-contracts-nearly-17percent-yoy-/1372291&ct=ga&cd=CAIyGjRiMGM4Yjg2NjcxZGZjNzY6Y29tOmVuOlVT&usg=AOvVaw0IN6lhbQZxqUT9tlUHalEy	Indiamart Intermesh Slips After Q2 Pat Contracts Nearly 17Percent Yoy - Capitalmarket	2022-10-20 10:25:53	2022-10-20 10:25:53	IndiaMART is India's largest online B2B marketplace for business products and services. Back to news list. Previous Stories :.	B2B Marketplace	Thursday 20. October 2022	https://www.capitalmarket.com/news/hot-pursuit/indiamart-intermesh-slips-after-q2-pat-contracts-nearly-17percent-yoy-/1372291&ct=ga&cd=CAIyGjRiMGM4Yjg2NjcxZGZjNzY6Y29tOmVuOlVT&usg=AOvVaw0IN6lhbQZxqUT9tlUHalEy	https://www.capitalmarket.com/news/hot-pursuit/indiamart-intermesh-slips-after-q2-pat-contracts-nearly-17percent-yoy-/1372291	capitalmarket	2022-10-21 13:20:08 +0400
6134457432537997509	True	https://www.google.com/url?rct=j&sa=t&url=https://www.yahoo.com/now/gigacloud-technology-inc-launches-private-120000923.html&ct=ga&cd=CAIyGjRiMGM4Yjg2NjcxZGZjNzY6Y29tOmVuOlVT&usg=AOvVaw3vAVXzb6Cpc5qIhpkMncOa	GigaCloud Technology Inc Launches Private Website Domain for <b>Marketplace</b> Sellers	2022-10-20 04:50:11	2022-10-20 04:50:11	... Company unveiled its new private domain feature for sellers on its B2B GigaCloud Marketplace (“GigaCloud Marketplace”) on October 13, 2022.	B2B Marketplace	Thursday 20. October 2022	https://www.yahoo.com/now/gigacloud-technology-inc-launches-private-120000923.html&ct=ga&cd=CAIyGjRiMGM4Yjg2NjcxZGZjNzY6Y29tOmVuOlVT&usg=AOvVaw3vAVXzb6Cpc5qIhpkMncOa	https://www.yahoo.com/now/gigacloud-technology-inc-launches-private-120000923.html	yahoo	2022-10-21 13:20:08 +0400
4857723821448445485	True	https://www.google.com/url?rct=j&sa=t&url=https://www.kilgorenewsherald.com/automotive-remote-keyless-entry-system-market-to-grow-by-usd-1-13-bn-by-2026/article_1c96501a-e5c3-5226-a031-ba567c805016.html&ct=ga&cd=CAIyGmI4MWY5ZjUxYTU3NjM1MWM6Y29tOmVuOlVT&usg=AOvVaw0Fcujzro0RBDu9ZTnRVdYA	<b>Automotive</b> Remote Keyless Entry System Market to grow by USD 1.13 Bn by 2026, Alps ...	2022-10-21 06:50:44	2022-10-21 06:50:44	NEW YORK, Oct. 21, 2022 /PRNewswire/ -- Technavio has been monitoring the automotive remote keyless entry system market, operating under the&nbsp;...	Automotive	Friday 21. October 2022	https://www.kilgorenewsherald.com/automotive-remote-keyless-entry-system-market-to-grow-by-usd-1-13-bn-by-2026/article_1c96501a-e5c3-5226-a031-ba567c805016.html&ct=ga&cd=CAIyGmI4MWY5ZjUxYTU3NjM1MWM6Y29tOmVuOlVT&usg=AOvVaw0Fcujzro0RBDu9ZTnRVdYA	https://www.kilgorenewsherald.com/automotive-remote-keyless-entry-system-market-to-grow-by-usd-1-13-bn-by-2026/article_1c96501a-e5c3-5226-a031-ba567c805016.html	kilgorenewsherald	2022-10-21 13:20:08 +0400
11511525141510381874	True	https://www.google.com/url?rct=j&sa=t&url=https://www.benzinga.com/pressreleases/22/10/n29344232/thinking-about-buying-stock-in-mullen-automotive-plug-power-nokia-american-airlines-or-nextplay-te&ct=ga&cd=CAIyGmI4MWY5ZjUxYTU3NjM1MWM6Y29tOmVuOlVT&usg=AOvVaw2VTuUgRSD-OeijckuOmjCN	Thinking about buying stock in Mullen <b>Automotive</b>, Plug Power, Nokia, American Airlines, or ...	2022-10-21 02:57:20	2022-10-21 02:57:20	- American Airlines Group (NASDAQ:AAL), Mullen Automotive (NASDAQ:MULN) - Benzinga&nbsp;...	Automotive	Friday 21. October 2022	https://www.benzinga.com/pressreleases/22/10/n29344232/thinking-about-buying-stock-in-mullen-automotive-plug-power-nokia-american-airlines-or-nextplay-te&ct=ga&cd=CAIyGmI4MWY5ZjUxYTU3NjM1MWM6Y29tOmVuOlVT&usg=AOvVaw2VTuUgRSD-OeijckuOmjCN	https://www.benzinga.com/pressreleases/22/10/n29344232/thinking-about-buying-stock-in-mullen-automotive-plug-power-nokia-american-airlines-or-nextplay-te	benzinga	2022-10-21 13:20:08 +0400
5982432083825084416	True	https://www.google.com/url?rct=j&sa=t&url=https://www.fierceelectronics.com/iot-wireless/podcast-shamik-basu-executive-director-product-head-iot-automotive-verizon-business&ct=ga&cd=CAIyGmI4MWY5ZjUxYTU3NjM1MWM6Y29tOmVuOlVT&usg=AOvVaw3MJsruyCjFKB_oQRzKaJHz	Podcast: Shamik Basu, Executive Director &amp; Product Head, IoT &amp; <b>Automotive</b>, Verizon Business	2022-10-21 01:18:55	2022-10-21 01:18:55	He joins the Fierce Telecom Podcast to discuss why automotive sector has been so successful at deploying IoT in the past, and what future innovations&nbsp;...	Automotive	Friday 21. October 2022	https://www.fierceelectronics.com/iot-wireless/podcast-shamik-basu-executive-director-product-head-iot-automotive-verizon-business&ct=ga&cd=CAIyGmI4MWY5ZjUxYTU3NjM1MWM6Y29tOmVuOlVT&usg=AOvVaw3MJsruyCjFKB_oQRzKaJHz	https://www.fierceelectronics.com/iot-wireless/podcast-shamik-basu-executive-director-product-head-iot-automotive-verizon-business	fierceelectronics	2022-10-21 13:20:08 +0400
16262027616144669479	True	https://www.google.com/url?rct=j&sa=t&url=https://www.zacks.com/stock/news/1994917/asbury-automotive-group-(abg)-reports-next-week:-wall-street-expects-earnings-growth&ct=ga&cd=CAIyGmI4MWY5ZjUxYTU3NjM1MWM6Y29tOmVuOlVT&usg=AOvVaw0wgagXiLCIK5AH14Twt6J0	Asbury <b>Automotive</b> Group (ABG) Reports Next Week: Wall Street Expects Earnings Growth	2022-10-21 01:16:42	2022-10-21 01:16:42	Asbury Automotive (ABG) possesses the right combination of the two key ingredients for a likely earnings beat in its upcoming report.	Automotive	Friday 21. October 2022	https://www.zacks.com/stock/news/1994917/asbury-automotive-group-(abg)-reports-next-week:-wall-street-expects-earnings-growth&ct=ga&cd=CAIyGmI4MWY5ZjUxYTU3NjM1MWM6Y29tOmVuOlVT&usg=AOvVaw0wgagXiLCIK5AH14Twt6J0	https://www.zacks.com/stock/news/1994917/asbury-automotive-group-(abg)-reports-next-week:-wall-street-expects-earnings-growth	zacks	2022-10-21 13:20:08 +0400
2201939532995692422	True	https://www.google.com/url?rct=j&sa=t&url=https://www.yahoo.com/now/automotive-interiors-market-size-projected-184500966.html&ct=ga&cd=CAIyGmI4MWY5ZjUxYTU3NjM1MWM6Y29tOmVuOlVT&usg=AOvVaw336ekIbm2tQpfLapDXXt0y	<b>Automotive</b> Interiors Market Size is projected to reach USD 186 Billion by 2030, growing at a ...	2022-10-21 01:01:06	2022-10-21 01:01:06	The global automotive interiors market size was valued at USD 126 billion in 2021. It is estimated to reach USD 186 billion by 2030,&nbsp;...	Automotive	Friday 21. October 2022	https://www.yahoo.com/now/automotive-interiors-market-size-projected-184500966.html&ct=ga&cd=CAIyGmI4MWY5ZjUxYTU3NjM1MWM6Y29tOmVuOlVT&usg=AOvVaw336ekIbm2tQpfLapDXXt0y	https://www.yahoo.com/now/automotive-interiors-market-size-projected-184500966.html	yahoo	2022-10-21 13:20:08 +0400
15477358664144769037	True	https://www.google.com/url?rct=j&sa=t&url=https://westchester.news12.com/mount-vernon-hs-rockland-community-college-unveil-program-to-kickstart-students-automotive-careers&ct=ga&cd=CAIyGmI4MWY5ZjUxYTU3NjM1MWM6Y29tOmVuOlVT&usg=AOvVaw0GHTJdReNFC6Y5AT4Xn7lS	Mount Vernon HS, Rockland Community College unveil program to kickstart students ...	2022-10-21 00:26:32	2022-10-21 00:26:32	Students in Mount Vernon's automotive program are going to be interning in Scarsdale Ford. Then, they'll be able to get right into work as technicians&nbsp;...	Automotive	Friday 21. October 2022	https://westchester.news12.com/mount-vernon-hs-rockland-community-college-unveil-program-to-kickstart-students-automotive-careers&ct=ga&cd=CAIyGmI4MWY5ZjUxYTU3NjM1MWM6Y29tOmVuOlVT&usg=AOvVaw0GHTJdReNFC6Y5AT4Xn7lS	https://westchester.news12.com/mount-vernon-hs-rockland-community-college-unveil-program-to-kickstart-students-automotive-careers	westchester	2022-10-21 13:20:08 +0400
6433271284776860674	True	https://www.google.com/url?rct=j&sa=t&url=https://europe.autonews.com/guest-columnist/next-generation-transportation-autonomous&ct=ga&cd=CAIyGmI4MWY5ZjUxYTU3NjM1MWM6Y29tOmVuOlVT&usg=AOvVaw1PzEgqGChXm2eDKlzxSiru	The <b>automotive</b> industry's software-defined revolution	2022-10-21 00:05:40	2022-10-21 00:05:40	Danny Shapiro is vice president of automotive at chip specialist Nvidia. Automakers are investing heavily in autonomous driving technologies,&nbsp;...	Automotive	Friday 21. October 2022	https://europe.autonews.com/guest-columnist/next-generation-transportation-autonomous&ct=ga&cd=CAIyGmI4MWY5ZjUxYTU3NjM1MWM6Y29tOmVuOlVT&usg=AOvVaw1PzEgqGChXm2eDKlzxSiru	https://europe.autonews.com/guest-columnist/next-generation-transportation-autonomous	europe	2022-10-21 13:20:08 +0400
10682220141803831074	True	https://www.google.com/url?rct=j&sa=t&url=https://www.globenewswire.com/news-release/2022/10/20/2538219/0/en/Automotive-NVH-Materials-Market-Projected-to-Hit-USD-20-73-Billion-at-a-6-58-CAGR-by-2030-Report-by-Market-Research-Future-MRFR.html&ct=ga&cd=CAIyGmI4MWY5ZjUxYTU3NjM1MWM6Y29tOmVuOlVT&usg=AOvVaw1FS-ySR1eM8Q27NYFpLKW3	<b>Automotive</b> NVH Materials Market Projected to Hit USD 20.73 - GlobeNewswire	2022-10-20 23:30:43	2022-10-20 23:30:43	Growth Boost by Increasing Usage of Synthetic Rubber Goods across the Globe &middot; Automotive NVH Materials Market Analysis &middot; Strict Government Regulations&nbsp;...	Automotive	Thursday 20. October 2022	https://www.globenewswire.com/news-release/2022/10/20/2538219/0/en/Automotive-NVH-Materials-Market-Projected-to-Hit-USD-20-73-Billion-at-a-6-58-CAGR-by-2030-Report-by-Market-Research-Future-MRFR.html&ct=ga&cd=CAIyGmI4MWY5ZjUxYTU3NjM1MWM6Y29tOmVuOlVT&usg=AOvVaw1FS-ySR1eM8Q27NYFpLKW3	https://www.globenewswire.com/news-release/2022/10/20/2538219/0/en/Automotive-NVH-Materials-Market-Projected-to-Hit-USD-20-73-Billion-at-a-6-58-CAGR-by-2030-Report-by-Market-Research-Future-MRFR.html	globenewswire	2022-10-21 13:20:08 +0400
16792260702150484584	True	https://www.google.com/url?rct=j&sa=t&url=https://www.ocregister.com/2022/10/20/breas-mullen-automotive-buys-bankrupt-ev-maker-elms-for-240-million/&ct=ga&cd=CAIyGmI4MWY5ZjUxYTU3NjM1MWM6Y29tOmVuOlVT&usg=AOvVaw3ltcd_21c-MHQtXDXzaP7U	Brea's Mullen <b>Automotive</b> buys bankrupt EV maker ELMS for $240 million	2022-10-20 22:54:24	2022-10-20 22:54:24	Mullen Automotive is charting a rapid trajectory to the EV market. After gaining a controlling interest in Bollinger Motors in September,&nbsp;...	Automotive	Thursday 20. October 2022	https://www.ocregister.com/2022/10/20/breas-mullen-automotive-buys-bankrupt-ev-maker-elms-for-240-million/&ct=ga&cd=CAIyGmI4MWY5ZjUxYTU3NjM1MWM6Y29tOmVuOlVT&usg=AOvVaw3ltcd_21c-MHQtXDXzaP7U	https://www.ocregister.com/2022/10/20/breas-mullen-automotive-buys-bankrupt-ev-maker-elms-for-240-million/	ocregister	2022-10-21 13:20:08 +0400
1126191223018827443	True	https://www.google.com/url?rct=j&sa=t&url=https://europe.autonews.com/automakers/bmw-chief-warns-against-setting-ice-phaseout-date&ct=ga&cd=CAIyGmI4MWY5ZjUxYTU3NjM1MWM6Y29tOmVuOlVT&usg=AOvVaw2NOmF0CGZBrW_fzz-iETFF	BMW chief warns against setting ICE phaseout date | <b>Automotive</b> News Europe	2022-10-20 22:12:23	2022-10-20 22:12:23	Zipse warned politicians that “taking away cars by regulation” could result in putting ownership beyond the reach of many consumers.	Automotive	Thursday 20. October 2022	https://europe.autonews.com/automakers/bmw-chief-warns-against-setting-ice-phaseout-date&ct=ga&cd=CAIyGmI4MWY5ZjUxYTU3NjM1MWM6Y29tOmVuOlVT&usg=AOvVaw2NOmF0CGZBrW_fzz-iETFF	https://europe.autonews.com/automakers/bmw-chief-warns-against-setting-ice-phaseout-date	europe	2022-10-21 13:20:08 +0400
9493611608696474504	True	https://www.google.com/url?rct=j&sa=t&url=https://www.globenewswire.com/news-release/2022/10/20/2538671/0/en/Global-Automotive-Oil-Strainer-Market-Research-Report-2021-2032.html&ct=ga&cd=CAIyGmI4MWY5ZjUxYTU3NjM1MWM6Y29tOmVuOlVT&usg=AOvVaw3N2PmQp_7m4s9nhUAAUGGZ	Global <b>Automotive</b> Oil Strainer Market Research Report 2021-2032 - GlobeNewswire	2022-10-20 22:06:43	2022-10-20 22:06:43	Global Automotive Oil Strainer report emphasizes the detailed understanding of some decisive factors such as size, share, sales, forecast trends,&nbsp;...	Automotive	Thursday 20. October 2022	https://www.globenewswire.com/news-release/2022/10/20/2538671/0/en/Global-Automotive-Oil-Strainer-Market-Research-Report-2021-2032.html&ct=ga&cd=CAIyGmI4MWY5ZjUxYTU3NjM1MWM6Y29tOmVuOlVT&usg=AOvVaw3N2PmQp_7m4s9nhUAAUGGZ	https://www.globenewswire.com/news-release/2022/10/20/2538671/0/en/Global-Automotive-Oil-Strainer-Market-Research-Report-2021-2032.html	globenewswire	2022-10-21 13:20:08 +0400
17126426207908121336	True	https://www.google.com/url?rct=j&sa=t&url=https://www.forbes.com/sites/moorinsights/2022/10/20/formula-1-grand-prix-gives-austin-tech-companies-a-spot-in-the-automotive-grandstand/&ct=ga&cd=CAIyGmI4MWY5ZjUxYTU3NjM1MWM6Y29tOmVuOlVT&usg=AOvVaw1yDpOngBHc2lPLgSTgMd6c	Formula 1 Grand Prix Gives Austin Tech Companies A Spot In The <b>Automotive</b> Grandstand.	2022-10-20 21:45:15	2022-10-20 21:45:15	For AMD, it's a chance to show off its latest products and technologies to an audience passionate about cutting-edge automotive engineering. Because&nbsp;...	Automotive	Thursday 20. October 2022	https://www.forbes.com/sites/moorinsights/2022/10/20/formula-1-grand-prix-gives-austin-tech-companies-a-spot-in-the-automotive-grandstand/&ct=ga&cd=CAIyGmI4MWY5ZjUxYTU3NjM1MWM6Y29tOmVuOlVT&usg=AOvVaw1yDpOngBHc2lPLgSTgMd6c	https://www.forbes.com/sites/moorinsights/2022/10/20/formula-1-grand-prix-gives-austin-tech-companies-a-spot-in-the-automotive-grandstand/	forbes	2022-10-21 13:20:08 +0400
10406380547053438006	True	https://www.google.com/url?rct=j&sa=t&url=https://www.youtube.com/watch%3Fv%3DJf9vYJ6RHz4&ct=ga&cd=CAIyGmI4MWY5ZjUxYTU3NjM1MWM6Y29tOmVuOlVT&usg=AOvVaw0gcTqDQkui4Q03uaa7Zjaq	Stellantis CEO Carlos Tavares Keynote | Paris <b>Automotive</b> Summit 2022 - YouTube	2022-10-20 21:32:39	2022-10-20 21:32:39	Stellantis #CEO Carlos Tavares addressed the Company's progress on its commitments during a #keynote speech on October 18, at the Paris Automotive&nbsp;...	Automotive	Thursday 20. October 2022	https://www.youtube.com/watch%3Fv%3DJf9vYJ6RHz4&ct=ga&cd=CAIyGmI4MWY5ZjUxYTU3NjM1MWM6Y29tOmVuOlVT&usg=AOvVaw0gcTqDQkui4Q03uaa7Zjaq	https://www.youtube.com/watch%3Fv%3DJf9vYJ6RHz4	youtube	2022-10-21 13:20:08 +0400
9318670404591610532	True	https://www.google.com/url?rct=j&sa=t&url=https://www.thesundaily.my/business/midf-automotive-sector-to-stage-strong-rebound-DA10016270&ct=ga&cd=CAIyGmI4MWY5ZjUxYTU3NjM1MWM6Y29tOmVuOlVT&usg=AOvVaw2yQ6ZIabuS4ybkgLm0PrQ6	MIDF: <b>Automotive</b> sector to stage strong rebound - The Sun Daily	2022-10-20 21:06:23	2022-10-20 21:06:23	PETALING JAYA: MIDF Research remains positive on the local automotive sector as a play into a recovery in domestic consumption,&nbsp;...	Automotive	Thursday 20. October 2022	https://www.thesundaily.my/business/midf-automotive-sector-to-stage-strong-rebound-DA10016270&ct=ga&cd=CAIyGmI4MWY5ZjUxYTU3NjM1MWM6Y29tOmVuOlVT&usg=AOvVaw2yQ6ZIabuS4ybkgLm0PrQ6	https://www.thesundaily.my/business/midf-automotive-sector-to-stage-strong-rebound-DA10016270	thesundaily	2022-10-21 13:20:08 +0400
7276874213751616546	True	https://www.google.com/url?rct=j&sa=t&url=https://www.cxotoday.com/case-studies/optimizing-production-for-a-tier-1-automotive-oem/&ct=ga&cd=CAIyGmI4MWY5ZjUxYTU3NjM1MWM6Y29tOmVuOlVT&usg=AOvVaw2vXwElkkrKwYXr_r_T_XoO	Optimizing Production for a Tier 1 <b>Automotive</b> OEM - CXOToday.com	2022-10-20 20:58:54	2022-10-20 20:58:54	THK Rhythm Automotive, a Tier 1 automotive parts supplier, the client manufactures linkage and suspension parts for global OEMs.	Automotive	Thursday 20. October 2022	https://www.cxotoday.com/case-studies/optimizing-production-for-a-tier-1-automotive-oem/&ct=ga&cd=CAIyGmI4MWY5ZjUxYTU3NjM1MWM6Y29tOmVuOlVT&usg=AOvVaw2vXwElkkrKwYXr_r_T_XoO	https://www.cxotoday.com/case-studies/optimizing-production-for-a-tier-1-automotive-oem/	cxotoday	2022-10-21 13:20:08 +0400
9834145821090523645	True	https://www.google.com/url?rct=j&sa=t&url=https://www.egypttoday.com/Article/3/119992/Egypt-finally-approves-establishment-of-Supreme-Council-for-Automotive-Industry&ct=ga&cd=CAIyGmI4MWY5ZjUxYTU3NjM1MWM6Y29tOmVuOlVT&usg=AOvVaw2aAl2dNwDRZ1s8PwoH70KU	Egypt finally approves establishment of Supreme Council for <b>Automotive</b> Industry	2022-10-20 20:55:12	2022-10-20 20:55:12	It approved a draft law establishing the Supreme Council for the Automotive Industry and the Environmentally Friendly Automobile Industry Fund,&nbsp;...	Automotive	Thursday 20. October 2022	https://www.egypttoday.com/Article/3/119992/Egypt-finally-approves-establishment-of-Supreme-Council-for-Automotive-Industry&ct=ga&cd=CAIyGmI4MWY5ZjUxYTU3NjM1MWM6Y29tOmVuOlVT&usg=AOvVaw2aAl2dNwDRZ1s8PwoH70KU	https://www.egypttoday.com/Article/3/119992/Egypt-finally-approves-establishment-of-Supreme-Council-for-Automotive-Industry	egypttoday	2022-10-21 13:20:08 +0400
17991546638320569182	True	https://www.google.com/url?rct=j&sa=t&url=https://www.bizjournals.com/stlouis/news/2022/10/20/family-business-awards-2022-lou-fusz-automotive.html&ct=ga&cd=CAIyGmI4MWY5ZjUxYTU3NjM1MWM6Y29tOmVuOlVT&usg=AOvVaw1KRzci4jahuTMH4gWc1IPm	Family Business Awards 2022: Lou Fusz <b>Automotive</b> Network finds success as it continues to grow	2022-10-20 20:18:54	2022-10-20 20:18:54	The Lou Fusz Automotive Network is a third-generation business founded in 1952 with Ford and Kia dealerships in St. Louis; Highland, Illinois;&nbsp;...	Automotive	Thursday 20. October 2022	https://www.bizjournals.com/stlouis/news/2022/10/20/family-business-awards-2022-lou-fusz-automotive.html&ct=ga&cd=CAIyGmI4MWY5ZjUxYTU3NjM1MWM6Y29tOmVuOlVT&usg=AOvVaw1KRzci4jahuTMH4gWc1IPm	https://www.bizjournals.com/stlouis/news/2022/10/20/family-business-awards-2022-lou-fusz-automotive.html	bizjournals	2022-10-21 13:20:08 +0400
14527753894484253636	True	https://www.google.com/url?rct=j&sa=t&url=https://yellowhammernews.com/automotive-manufacturing-scholarships-offered-to-community-college-students/&ct=ga&cd=CAIyGmI4MWY5ZjUxYTU3NjM1MWM6Y29tOmVuOlVT&usg=AOvVaw2s_6OHualIE7SsUqZW8zdm	<b>Automotive</b> manufacturing scholarships offered to community college students	2022-10-20 20:01:14	2022-10-20 20:01:14	Scholarships are available to Alabama community college students to train for careers in the state's automotive manufacturing industry.	Automotive	Thursday 20. October 2022	https://yellowhammernews.com/automotive-manufacturing-scholarships-offered-to-community-college-students/&ct=ga&cd=CAIyGmI4MWY5ZjUxYTU3NjM1MWM6Y29tOmVuOlVT&usg=AOvVaw2s_6OHualIE7SsUqZW8zdm	https://yellowhammernews.com/automotive-manufacturing-scholarships-offered-to-community-college-students/	yellowhammernews	2022-10-21 13:20:08 +0400
2129500534202166622	True	https://www.google.com/url?rct=j&sa=t&url=https://www.reuters.com/business/autos-transportation/exclusive-korean-auto-giant-hyundai-investigating-child-labor-its-us-supply-2022-10-19/&ct=ga&cd=CAIyGmI4MWY5ZjUxYTU3NjM1MWM6Y29tOmVuOlVT&usg=AOvVaw0X0liDl6h2N76Gg8eewzhS	EXCLUSIVE Korean auto giant Hyundai investigating child labor in its U.S. supply chain	2022-10-20 19:50:29	2022-10-20 19:50:29	Global president and COO of Hyundai Motor Company Jose Munoz attends the Reuters Automotive USA conference, in Detroit, Michigan, U.S., October,&nbsp;...	Automotive	Thursday 20. October 2022	https://www.reuters.com/business/autos-transportation/exclusive-korean-auto-giant-hyundai-investigating-child-labor-its-us-supply-2022-10-19/&ct=ga&cd=CAIyGmI4MWY5ZjUxYTU3NjM1MWM6Y29tOmVuOlVT&usg=AOvVaw0X0liDl6h2N76Gg8eewzhS	https://www.reuters.com/business/autos-transportation/exclusive-korean-auto-giant-hyundai-investigating-child-labor-its-us-supply-2022-10-19/	reuters	2022-10-21 13:20:08 +0400
7045283608497713766	True	https://www.google.com/url?rct=j&sa=t&url=https://www.engineeringnews.co.za/article/enviro-automotive-to-launch-electric-panel-van-bakkie-truck-car-to-follow-2022-10-20&ct=ga&cd=CAIyGmI4MWY5ZjUxYTU3NjM1MWM6Y29tOmVuOlVT&usg=AOvVaw0lmTtb4HWVqgs27kdqfk4F	Enviro <b>Automotive</b> to launch electric panel van; bakkie, truck, car to follow	2022-10-20 19:42:58	2022-10-20 19:42:58	Enviro Automotive is the importer and distributor of Chinese-made DFSK electric vehicles (EVs). Advertisement. MD Gideon Wolvaardt says his company&nbsp;...	Automotive	Thursday 20. October 2022	https://www.engineeringnews.co.za/article/enviro-automotive-to-launch-electric-panel-van-bakkie-truck-car-to-follow-2022-10-20&ct=ga&cd=CAIyGmI4MWY5ZjUxYTU3NjM1MWM6Y29tOmVuOlVT&usg=AOvVaw0lmTtb4HWVqgs27kdqfk4F	https://www.engineeringnews.co.za/article/enviro-automotive-to-launch-electric-panel-van-bakkie-truck-car-to-follow-2022-10-20	engineeringnews	2022-10-21 13:20:08 +0400
