,id,guidislink,link,title,published,updated,summary,alertFor,pub_date,domain,domain_name
0,16750924788948553555,True,https://www.google.com/url?rct=j&sa=t&url=https://pakobserver.net/commodity-exhibition-trading-center-in-gwadar-free-zone-to-be-functional-by-early-2023/&ct=ga&cd=CAIyGjZiNGI4N2I5M2NjZTczNmQ6Y29tOmVuOlVT&usg=AOvVaw09U3D50B0VHvkNQRlv6MM0,"Commodity Exhibition, <b>Trading</b> Center in Gwadar Free zone to be functional by early 2023",2022-10-18 23:06:37,2022-10-18 23:06:37,"Southern China Commodity Exhibition and Trading Center being constructed ... trade and logistics in Gwadar,” CCCC-FHDI Engineering CO.,LTD. said.",Trade & Logistics,Tuesday 18. October 2022,https://pakobserver.net/commodity-exhibition-trading-center-in-gwadar-free-zone-to-be-functional-by-early-2023/&ct=ga&cd=CAIyGjZiNGI4N2I5M2NjZTczNmQ6Y29tOmVuOlVT&usg=AOvVaw09U3D50B0VHvkNQRlv6MM0,pakobserver
1,11789956720323427685,True,https://www.google.com/url?rct=j&sa=t&url=https://www.joc.com/technology/logistics-technology-providers/slync-bets-industry-pioneer-urban-turn-page_20221018.html&ct=ga&cd=CAIyGjZiNGI4N2I5M2NjZTczNmQ6Y29tOmVuOlVT&usg=AOvVaw1gUnluEbc3hr7ckDQ-K50q,<b>Logistics</b> technology: Slync bets on industry pioneer Urban to turn page - JOC,2022-10-18 21:19:16,2022-10-18 21:19:16,More Logistics Technology Providers - News &amp; Analysis &middot; Logistics payment options grow with BlueX Trade platform &middot; BlueX tackles freight cost burden&nbsp;...,Trade & Logistics,Tuesday 18. October 2022,https://www.joc.com/technology/logistics-technology-providers/slync-bets-industry-pioneer-urban-turn-page_20221018.html&ct=ga&cd=CAIyGjZiNGI4N2I5M2NjZTczNmQ6Y29tOmVuOlVT&usg=AOvVaw1gUnluEbc3hr7ckDQ-K50q,joc
2,4584001228832167987,True,https://www.google.com/url?rct=j&sa=t&url=https://www.newindianexpress.com/opinions/2022/oct/19/logistics-policy-a-game-changer-2509533.html&ct=ga&cd=CAIyGjZiNGI4N2I5M2NjZTczNmQ6Y29tOmVuOlVT&usg=AOvVaw0NssjvO6GgMmWTiYxcytqB,"<b>Logistics</b> policy, a game-changer - The New Indian Express",2022-10-18 20:38:50,2022-10-18 20:38:50,"The efficiency of the logistics sector has also significantly increased with initiatives like the paperless EXIM trade process through eSanchit,&nbsp;...",Trade & Logistics,Tuesday 18. October 2022,https://www.newindianexpress.com/opinions/2022/oct/19/logistics-policy-a-game-changer-2509533.html&ct=ga&cd=CAIyGjZiNGI4N2I5M2NjZTczNmQ6Y29tOmVuOlVT&usg=AOvVaw0NssjvO6GgMmWTiYxcytqB,newindianexpress
3,13798645340350177986,True,https://www.google.com/url?rct=j&sa=t&url=https://www.thedcn.com.au/news/containers-and-container-shipping/and-the-finalists-are-4/&ct=ga&cd=CAIyGjZiNGI4N2I5M2NjZTczNmQ6Y29tOmVuOlVT&usg=AOvVaw03lGfchwTH3fALFwLn_xR1,And the finalists are … - Daily Cargo News,2022-10-18 17:33:29,2022-10-18 17:33:29,"LINER TRADE AWARD | Australia-New Zealand, Papua New Guinea and the Pacific Islands ... Women in Shipping &amp; Maritime Logistics Award.",Trade & Logistics,Tuesday 18. October 2022,https://www.thedcn.com.au/news/containers-and-container-shipping/and-the-finalists-are-4/&ct=ga&cd=CAIyGjZiNGI4N2I5M2NjZTczNmQ6Y29tOmVuOlVT&usg=AOvVaw03lGfchwTH3fALFwLn_xR1,thedcn
4,15723485275304008944,True,https://www.google.com/url?rct=j&sa=t&url=https://www.indmoney.com/articles/stocks/best-logistics-share-in-India&ct=ga&cd=CAIyGjZiNGI4N2I5M2NjZTczNmQ6Y29tOmVuOlVT&usg=AOvVaw2P0fM-7rVo6pKHawNIDyRU,<b>Logistics</b> Stocks in India: What Makes Them A Good Investment? - INDmoney,2022-10-18 16:26:47,2022-10-18 16:26:47,"The country is also undertaking several other infrastructure projects, such as the Kaladan port in Myanmar, which will improve trade relations between&nbsp;...",Trade & Logistics,Tuesday 18. October 2022,https://www.indmoney.com/articles/stocks/best-logistics-share-in-India&ct=ga&cd=CAIyGjZiNGI4N2I5M2NjZTczNmQ6Y29tOmVuOlVT&usg=AOvVaw2P0fM-7rVo6pKHawNIDyRU,indmoney
5,254497290119597098,True,https://www.google.com/url?rct=j&sa=t&url=https://www.manilatimes.net/2022/10/19/business/maritime/unctad-seeks-renewal-of-black-sea-grain-initiative/1862742&ct=ga&cd=CAIyGjZiNGI4N2I5M2NjZTczNmQ6Y29tOmVuOlVT&usg=AOvVaw1wOVmPRLdM8FVLGxNbqxyt,Unctad seeks renewal of Black Sea Grain Initiative | The Manila Times,2022-10-18 16:04:42,2022-10-18 16:04:42,Unctad research showed that logistics costs alone accounted for at least half of the rise in food prices at the start of the year. Trade&nbsp;...,Trade & Logistics,Tuesday 18. October 2022,https://www.manilatimes.net/2022/10/19/business/maritime/unctad-seeks-renewal-of-black-sea-grain-initiative/1862742&ct=ga&cd=CAIyGjZiNGI4N2I5M2NjZTczNmQ6Y29tOmVuOlVT&usg=AOvVaw1wOVmPRLdM8FVLGxNbqxyt,manilatimes
6,13454093728221354983,True,https://www.google.com/url?rct=j&sa=t&url=https://finance.yahoo.com/news/logistics-market-expected-grow-169-145100244.html&ct=ga&cd=CAIyGjZiNGI4N2I5M2NjZTczNmQ6Y29tOmVuOlVT&usg=AOvVaw0jHTO6rmf_8XqsFB97w45u,"The <b>Logistics</b> Market is expected to grow by $169.35 bn during 2022-2026, accelerating at a ...",2022-10-18 14:59:00,2022-10-18 14:59:00,"The market is driven by rapid growth in the e-commerce industry, growing retail sales in APAC, and growth in trade between India and China. The&nbsp;...",Trade & Logistics,Tuesday 18. October 2022,https://finance.yahoo.com/news/logistics-market-expected-grow-169-145100244.html&ct=ga&cd=CAIyGjZiNGI4N2I5M2NjZTczNmQ6Y29tOmVuOlVT&usg=AOvVaw0jHTO6rmf_8XqsFB97w45u,finance
7,6057396489366628231,True,https://www.google.com/url?rct=j&sa=t&url=https://news.cgtn.com/news/2022-10-18/China-Europe-Railway-Express-brings-high-quality-development-dividends-1eemBhvGlAQ/index.html&ct=ga&cd=CAIyGjZiNGI4N2I5M2NjZTczNmQ6Y29tOmVuOlVT&usg=AOvVaw08ERe2JCh0MvKb7wHtIMFv,China-Europe Railway Express brings high-quality development dividends - CGTN,2022-10-18 13:06:55,2022-10-18 13:06:55,Chinese entrepreneurs engaged in trade and logistics in Germany personally experience the stability and smoothness of the international supply&nbsp;...,Trade & Logistics,Tuesday 18. October 2022,https://news.cgtn.com/news/2022-10-18/China-Europe-Railway-Express-brings-high-quality-development-dividends-1eemBhvGlAQ/index.html&ct=ga&cd=CAIyGjZiNGI4N2I5M2NjZTczNmQ6Y29tOmVuOlVT&usg=AOvVaw08ERe2JCh0MvKb7wHtIMFv,news
8,9192688416548810694,True,https://www.google.com/url?rct=j&sa=t&url=https://en.vietnamplus.vn/vietnamese-logistics-businesses-seek-cooperation-chances-in-germany/240263.vnp&ct=ga&cd=CAIyGjZiNGI4N2I5M2NjZTczNmQ6Y29tOmVuOlVT&usg=AOvVaw3GDh2epA-CkDHrxAU6JB2I,Vietnamese <b>logistics</b> businesses seek cooperation chances in Germany - Vietnam Plus,2022-10-18 12:04:33,2022-10-18 12:04:33,A delegation of nearly 30 Vietnamese logistics businesses participated in a trade promotion programme in Germany from October 11-18 to seek&nbsp;...,Trade & Logistics,Tuesday 18. October 2022,https://en.vietnamplus.vn/vietnamese-logistics-businesses-seek-cooperation-chances-in-germany/240263.vnp&ct=ga&cd=CAIyGjZiNGI4N2I5M2NjZTczNmQ6Y29tOmVuOlVT&usg=AOvVaw3GDh2epA-CkDHrxAU6JB2I,en
9,5183304693145263456,True,https://www.google.com/url?rct=j&sa=t&url=https://www.iol.co.za/business-report/companies/worlds-first-logistics-loyalty-programme-urges-business-in-sa-to-sign-up-76e50c95-5f62-41e0-8c48-6ff91424c321&ct=ga&cd=CAIyGjZiNGI4N2I5M2NjZTczNmQ6Y29tOmVuOlVT&usg=AOvVaw2gmeKpZD2CyflUO5SVBQ4P,World's first <b>logistics</b> loyalty programme urges business in SA to sign up - IOL,2022-10-18 12:04:11,2022-10-18 12:04:11,The world's first trade and logistics loyalty programme was in South Africa last week to encourage more South African businesses and special&nbsp;...,Trade & Logistics,Tuesday 18. October 2022,https://www.iol.co.za/business-report/companies/worlds-first-logistics-loyalty-programme-urges-business-in-sa-to-sign-up-76e50c95-5f62-41e0-8c48-6ff91424c321&ct=ga&cd=CAIyGjZiNGI4N2I5M2NjZTczNmQ6Y29tOmVuOlVT&usg=AOvVaw2gmeKpZD2CyflUO5SVBQ4P,iol
10,11414708752544623453,True,https://www.google.com/url?rct=j&sa=t&url=https://mhwmagazine.co.uk/logistics-uk-crowned-trade-association-of-the-year.html&ct=ga&cd=CAIyGjZiNGI4N2I5M2NjZTczNmQ6Y29tOmVuOlVT&usg=AOvVaw10dd4PX90pQwl8wahFjChG,<b>Logistics</b> UK crowned <b>Trade</b> Association of the Year - MHW Magazine,2022-10-18 11:11:54,2022-10-18 11:11:54,"Logistics UK, one of the UK's biggest business groups, has been crowned Trade Association of the Year at the 2022 Memcom Excellence Awards.",Trade & Logistics,Tuesday 18. October 2022,https://mhwmagazine.co.uk/logistics-uk-crowned-trade-association-of-the-year.html&ct=ga&cd=CAIyGjZiNGI4N2I5M2NjZTczNmQ6Y29tOmVuOlVT&usg=AOvVaw10dd4PX90pQwl8wahFjChG,mhwmagazine
11,15643311799166329074,True,https://www.google.com/url?rct=j&sa=t&url=https://www.globalcoldchainnews.com/logistics-uk-takes-memcom-award/&ct=ga&cd=CAIyGjZiNGI4N2I5M2NjZTczNmQ6Y29tOmVuOlVT&usg=AOvVaw1q5REMQfA1zhqw-87QqO3u,<b>Logistics</b> UK takes Memcom award - Global Cold Chain News,2022-10-18 10:30:32,2022-10-18 10:30:32,"London, UK: Logistics UK took the Trade Association of the Year Award at the Memcom Excellence Awards. The judges commended Logistics UK for its&nbsp;...",Trade & Logistics,Tuesday 18. October 2022,https://www.globalcoldchainnews.com/logistics-uk-takes-memcom-award/&ct=ga&cd=CAIyGjZiNGI4N2I5M2NjZTczNmQ6Y29tOmVuOlVT&usg=AOvVaw1q5REMQfA1zhqw-87QqO3u,globalcoldchainnews
12,6809862378137676691,True,https://www.google.com/url?rct=j&sa=t&url=https://www.thisdaylive.com/index.php/2022/10/18/lagos-food-security-systems-logistics-hub-will-provide-over-30000-jobs-for-lagosians-origin-tech-group/&ct=ga&cd=CAIyGjZiNGI4N2I5M2NjZTczNmQ6Y29tOmVuOlVT&usg=AOvVaw1Yg5PIMUAhOmxp7SNo6xmC,Lagos Food Security Systems &amp; <b>Logistics</b> Hub will provide over 30000 jobs for Lagosians,2022-10-18 09:37:40,2022-10-18 09:37:40,"Speaking on the project after a trade delegation visit to inspect a similar project – Rungis Market in France, the Project Manager and MD of&nbsp;...",Trade & Logistics,Tuesday 18. October 2022,https://www.thisdaylive.com/index.php/2022/10/18/lagos-food-security-systems-logistics-hub-will-provide-over-30000-jobs-for-lagosians-origin-tech-group/&ct=ga&cd=CAIyGjZiNGI4N2I5M2NjZTczNmQ6Y29tOmVuOlVT&usg=AOvVaw1Yg5PIMUAhOmxp7SNo6xmC,thisdaylive
13,12844413212310208575,True,https://www.google.com/url?rct=j&sa=t&url=http://www.aastocks.com/en/stocks/news/aamm-content/aat2210184468/block-traded&ct=ga&cd=CAIyGjZiNGI4N2I5M2NjZTczNmQ6Y29tOmVuOlVT&usg=AOvVaw03Kao7pj4nzQ_36DlWUCIv,"Bearish block <b>trade</b> of JD <b>LOGISTICS</b>(02618) 574.3K shares at $13.36, $7.673M turnover",2022-10-18 09:17:10,2022-10-18 09:17:10,[Block Trade] A bearish block trade of 574.3K shares of JD LOGISTICS(02618) occurred at price of HK$13.36 and turnover of HK$7.673M at 04:08p.m .,Trade & Logistics,Tuesday 18. October 2022,http://www.aastocks.com/en/stocks/news/aamm-content/aat2210184468/block-traded&ct=ga&cd=CAIyGjZiNGI4N2I5M2NjZTczNmQ6Y29tOmVuOlVT&usg=AOvVaw03Kao7pj4nzQ_36DlWUCIv,aastocks
14,10176487337654278885,True,https://www.google.com/url?rct=j&sa=t&url=https://www.globaltrademag.com/dp-world-antwerp-gateway-joins-portchain-connect-network/&ct=ga&cd=CAIyGjZiNGI4N2I5M2NjZTczNmQ6Y29tOmVuOlVT&usg=AOvVaw1Xsim68ewdcvL2IzYH5IwC,DP World Antwerp Gateway joins Portchain Connect Network - Global <b>Trade</b> Magazine,2022-10-18 09:15:39,2022-10-18 09:15:39,Global Trade Magazine ... Subscribe to Global Trade's Bi-weekly Enewsletter ... Global Trade Daily &middot; Features &middot; Lists &middot; Global Logistics&nbsp;...,Trade & Logistics,Tuesday 18. October 2022,https://www.globaltrademag.com/dp-world-antwerp-gateway-joins-portchain-connect-network/&ct=ga&cd=CAIyGjZiNGI4N2I5M2NjZTczNmQ6Y29tOmVuOlVT&usg=AOvVaw1Xsim68ewdcvL2IzYH5IwC,globaltrademag
15,2720273462671360071,True,https://www.google.com/url?rct=j&sa=t&url=https://mettisglobal.news/commodity-exhibition-trading-center-in-gwadar-free-zone-to-be-functional-by-early-2023/&ct=ga&cd=CAIyGjZiNGI4N2I5M2NjZTczNmQ6Y29tOmVuOlVT&usg=AOvVaw0qTvGFwUkuR5OXAYOCMRYP,"Commodity exhibition, <b>trading</b> center in Gwadar free zone to be functional by early 2023",2022-10-18 09:11:10,2022-10-18 09:11:10,"October 18, 2022: Southern China Commodity Exhibition and Trading Center ... trade and logistics in Gwadar,” CCCC-FHDI Engineering CO.,LTD. said.",Trade & Logistics,Tuesday 18. October 2022,https://mettisglobal.news/commodity-exhibition-trading-center-in-gwadar-free-zone-to-be-functional-by-early-2023/&ct=ga&cd=CAIyGjZiNGI4N2I5M2NjZTczNmQ6Y29tOmVuOlVT&usg=AOvVaw0qTvGFwUkuR5OXAYOCMRYP,mettisglobal
16,13102385230098672052,True,https://www.google.com/url?rct=j&sa=t&url=https://www.globaltrademag.com/cargoai-welcomes-qatar-airways-cargo/&ct=ga&cd=CAIyGjZiNGI4N2I5M2NjZTczNmQ6Y29tOmVuOlVT&usg=AOvVaw3zEi6309PuAlg0HBqdtC5e,CargoAi Welcomes Qatar Airways Cargo - Global <b>Trade</b> Magazine,2022-10-18 09:06:47,2022-10-18 09:06:47,"Global Trade Daily. October 18th, 2022 | Written by Tim ... Africa and Qatar Airways Cargo Feed the World July 26th, 2022 In ""Global Logistics""&nbsp;...",Trade & Logistics,Tuesday 18. October 2022,https://www.globaltrademag.com/cargoai-welcomes-qatar-airways-cargo/&ct=ga&cd=CAIyGjZiNGI4N2I5M2NjZTczNmQ6Y29tOmVuOlVT&usg=AOvVaw3zEi6309PuAlg0HBqdtC5e,globaltrademag
17,12109470445403089366,True,https://www.google.com/url?rct=j&sa=t&url=https://www.logisticsmanager.com/key-insights-on-software-and-automation-solutions-from-solwr-at-robotics-and-automation-2022/&ct=ga&cd=CAIyGjZiNGI4N2I5M2NjZTczNmQ6Y29tOmVuOlVT&usg=AOvVaw2eTB8SzsndxX2QTP7ZRL_M,Key insights on software and automation solutions from Solwr at Robotics and Automation 2022,2022-10-18 08:17:15,2022-10-18 08:17:15,... and robotics that support logistics organisations across the trade ... a composable ERP platform for trade logistics designed to give users&nbsp;...,Trade & Logistics,Tuesday 18. October 2022,https://www.logisticsmanager.com/key-insights-on-software-and-automation-solutions-from-solwr-at-robotics-and-automation-2022/&ct=ga&cd=CAIyGjZiNGI4N2I5M2NjZTczNmQ6Y29tOmVuOlVT&usg=AOvVaw2eTB8SzsndxX2QTP7ZRL_M,logisticsmanager
18,10462635030730765001,True,https://www.google.com/url?rct=j&sa=t&url=https://www.app.com.pk/global/commodity-exhibition-trading-center-in-gwadar-free-zone-to-be-functional-by-early-2023/&ct=ga&cd=CAIyGjZiNGI4N2I5M2NjZTczNmQ6Y29tOmVuOlVT&usg=AOvVaw1xASUO7A8cXcFs7Gnakd_6,"Commodity Exhibition, <b>Trading</b> Center in Gwadar Free zone to be functional by early 2023",2022-10-18 07:04:58,2022-10-18 07:04:58,"“We will work hard and make unremitting efforts to build the project into a center for exhibition and sales, trade and logistics in Gwadar,”&nbsp;...",Trade & Logistics,Tuesday 18. October 2022,https://www.app.com.pk/global/commodity-exhibition-trading-center-in-gwadar-free-zone-to-be-functional-by-early-2023/&ct=ga&cd=CAIyGjZiNGI4N2I5M2NjZTczNmQ6Y29tOmVuOlVT&usg=AOvVaw1xASUO7A8cXcFs7Gnakd_6,app
19,9684394285954912560,True,https://www.google.com/url?rct=j&sa=t&url=https://www.theafricalogistics.com/2022/10/18/creating-a-disruption-proof-supply-chain-in-africa-2/&ct=ga&cd=CAIyGjZiNGI4N2I5M2NjZTczNmQ6Y29tOmVuOlVT&usg=AOvVaw3zblJsoT778ObRGlimkVM8,Creating a disruption-proof supply chain in Africa - The Africa Logistics,2022-10-18 06:19:09,2022-10-18 06:19:09,"In Africa, the launch of African Continental Free Trade Area (AfCFTA), has provided the continent with new opportunities to strengthen its&nbsp;...",Trade & Logistics,Tuesday 18. October 2022,https://www.theafricalogistics.com/2022/10/18/creating-a-disruption-proof-supply-chain-in-africa-2/&ct=ga&cd=CAIyGjZiNGI4N2I5M2NjZTczNmQ6Y29tOmVuOlVT&usg=AOvVaw3zblJsoT778ObRGlimkVM8,theafricalogistics
20,17217059589469616023,True,https://www.google.com/url?rct=j&sa=t&url=https://www.businesswire.com/news/home/20221018006275/en/20Cube-Logistics-a-Software-Enabled-International-Supply-Chain-Orchestrator-Has-Entered-into-a-Business-Combination-Agreement-with-Evo-Acquisition-Corp.-to-Enable-20Cube-Logistics-to-Go-Public&ct=ga&cd=CAIyGjAyZGMwZGVhNjQ5ZTY3OWY6Y29tOmVuOlVT&usg=AOvVaw2RDkXjfJbJnG3EDAPZc9D2,"20Cube <b>Logistics</b>, a Software-Enabled International Supply Chain Orchestrator ... - Business Wire",2022-10-19 03:32:54,2022-10-19 03:32:54,20Cube Logistics Has Entered into a Business Combination Agreement with Evo Acquisition Corp. to Go Public.,Logistics,Wednesday 19. October 2022,https://www.businesswire.com/news/home/20221018006275/en/20Cube-Logistics-a-Software-Enabled-International-Supply-Chain-Orchestrator-Has-Entered-into-a-Business-Combination-Agreement-with-Evo-Acquisition-Corp.-to-Enable-20Cube-Logistics-to-Go-Public&ct=ga&cd=CAIyGjAyZGMwZGVhNjQ5ZTY3OWY6Y29tOmVuOlVT&usg=AOvVaw2RDkXjfJbJnG3EDAPZc9D2,businesswire
21,12329850644940453317,True,https://www.google.com/url?rct=j&sa=t&url=https://www.logisticsmgmt.com/article/6_questions_your_company_should_ask1&ct=ga&cd=CAIyGjAyZGMwZGVhNjQ5ZTY3OWY6Y29tOmVuOlVT&usg=AOvVaw1amkdeGRKWmonCNmEa-Eq9,6 Questions Your Company Should Ask - <b>Logistics</b> Management,2022-10-19 01:35:21,2022-10-19 01:35:21,"A successful supply chain network design gives companies a competitive advantage by pinpointing ways to significantly reduce costs,&nbsp;...",Logistics,Wednesday 19. October 2022,https://www.logisticsmgmt.com/article/6_questions_your_company_should_ask1&ct=ga&cd=CAIyGjAyZGMwZGVhNjQ5ZTY3OWY6Y29tOmVuOlVT&usg=AOvVaw1amkdeGRKWmonCNmEa-Eq9,logisticsmgmt
22,18051138200664775969,True,https://www.google.com/url?rct=j&sa=t&url=https://www.marketwatch.com/story/20cube-logistics-to-go-public-in-spac-deal-with-evo-acquisition-271666130644&ct=ga&cd=CAIyGjAyZGMwZGVhNjQ5ZTY3OWY6Y29tOmVuOlVT&usg=AOvVaw3geGP1SFNM7SOO3Xq9eyRP,20Cube <b>Logistics</b> to go Public in SPAC Deal With Evo Acquisition - MarketWatch,2022-10-19 01:12:48,2022-10-19 01:12:48,"By Stephen Nakrosis Special purpose acquisition company Evo Acquisition Corp. and 20Cube Logistics, a supply chain orchestrator, announced a deal&nbsp;...",Logistics,Wednesday 19. October 2022,https://www.marketwatch.com/story/20cube-logistics-to-go-public-in-spac-deal-with-evo-acquisition-271666130644&ct=ga&cd=CAIyGjAyZGMwZGVhNjQ5ZTY3OWY6Y29tOmVuOlVT&usg=AOvVaw3geGP1SFNM7SOO3Xq9eyRP,marketwatch
23,3103822513058799918,True,https://www.google.com/url?rct=j&sa=t&url=https://thepropertytribune.com.au/market-insights/industrial-and-logistics-space-supply-falling-short-as-delays-continue/&ct=ga&cd=CAIyGjAyZGMwZGVhNjQ5ZTY3OWY6Y29tOmVuOlVT&usg=AOvVaw1dsimqDz49molzbhOGIO3v,Industrial and <b>logistics</b> space supply falling short as delays continue | The Property Tribune,2022-10-19 00:43:44,2022-10-19 00:43:44,"CBRE Research's Q3 2022 Industrial &amp; Logistics Figures report has been released; Industrial and Logistics space is now predicted to fall 600,000&nbsp;...",Logistics,Wednesday 19. October 2022,https://thepropertytribune.com.au/market-insights/industrial-and-logistics-space-supply-falling-short-as-delays-continue/&ct=ga&cd=CAIyGjAyZGMwZGVhNjQ5ZTY3OWY6Y29tOmVuOlVT&usg=AOvVaw1dsimqDz49molzbhOGIO3v,thepropertytribune
24,4264891580022399235,True,https://www.google.com/url?rct=j&sa=t&url=https://english.news.cn/20221019/e9b9a3f37ad14a05bacca063a6ec5f60/c.html&ct=ga&cd=CAIyGjAyZGMwZGVhNjQ5ZTY3OWY6Y29tOmVuOlVT&usg=AOvVaw0oE9NurWIWNZo7aJUKsOZG,Europe's first 5G-operated <b>logistics</b> terminal opens in Hungary - Xinhua,2022-10-19 00:00:21,2022-10-19 00:00:21,"A crane remotely controlled with the help of 5G technology, moves a container at the East-West Gate (EWG) Intermodal Logistics Terminal near the&nbsp;...",Logistics,Wednesday 19. October 2022,https://english.news.cn/20221019/e9b9a3f37ad14a05bacca063a6ec5f60/c.html&ct=ga&cd=CAIyGjAyZGMwZGVhNjQ5ZTY3OWY6Y29tOmVuOlVT&usg=AOvVaw0oE9NurWIWNZo7aJUKsOZG,english
25,11528343588820890183,True,https://www.google.com/url?rct=j&sa=t&url=https://www.seahawks.com/news/seahawks-mailbag-boye-mafe-s-growth-travel-logistics-more&ct=ga&cd=CAIyGjAyZGMwZGVhNjQ5ZTY3OWY6Y29tOmVuOlVT&usg=AOvVaw1SWdkDm4AzljL5VLzLSBfp,"Seahawks Mailbag: Boye Mafe's Growth, Travel <b>Logistics</b> &amp; More",2022-10-18 22:29:22,2022-10-18 22:29:22,"Seahawks Mailbag: Boye Mafe's Growth, Travel Logistics &amp; More. You had Seahawks questions; we have answers. Oct 18, 2022 at 03:22 PM.",Logistics,Tuesday 18. October 2022,https://www.seahawks.com/news/seahawks-mailbag-boye-mafe-s-growth-travel-logistics-more&ct=ga&cd=CAIyGjAyZGMwZGVhNjQ5ZTY3OWY6Y29tOmVuOlVT&usg=AOvVaw1SWdkDm4AzljL5VLzLSBfp,seahawks
26,4214636371360754323,True,https://www.google.com/url?rct=j&sa=t&url=https://seekingalpha.com/news/3892476-20cube-logistics-to-go-public-via-spac-deal%3Fsource%3Dcontent_type%253Areact%257Cfirst_level_url%253Amarket-news%257Csection_asset%253Amain&ct=ga&cd=CAIyGjAyZGMwZGVhNjQ5ZTY3OWY6Y29tOmVuOlVT&usg=AOvVaw24QYb0aQGPCvzRM5YhoaSK,20cube <b>Logistics</b> to go public via SPAC deal | Seeking Alpha,2022-10-18 22:04:32,2022-10-18 22:04:32,"Special purpose acquisition firm Evo Acquisition (EVOJ) said it would acquire 20Cube Logistics, a Singapore-based software-enabled international&nbsp;...",Logistics,Tuesday 18. October 2022,https://seekingalpha.com/news/3892476-20cube-logistics-to-go-public-via-spac-deal%3Fsource%3Dcontent_type%253Areact%257Cfirst_level_url%253Amarket-news%257Csection_asset%253Amain&ct=ga&cd=CAIyGjAyZGMwZGVhNjQ5ZTY3OWY6Y29tOmVuOlVT&usg=AOvVaw24QYb0aQGPCvzRM5YhoaSK,seekingalpha
27,2902035137648214616,True,https://www.google.com/url?rct=j&sa=t&url=https://www.reuters.com/technology/amazon-stream-first-ever-black-friday-game-2023-2022-10-18/&ct=ga&cd=CAIyGjAyZGMwZGVhNjQ5ZTY3OWY6Y29tOmVuOlVT&usg=AOvVaw2g2EDbB0C36PgIjxsqLvD3,Amazon to stream first-ever 'Black Friday' game in 2023 | Reuters,2022-10-18 21:46:47,2022-10-18 21:46:47,"The Amazon logo is seen at the company's logistics centre in Boves, France, October 6, 2021 REUTERS/Pascal Rossignol. Read More.",Logistics,Tuesday 18. October 2022,https://www.reuters.com/technology/amazon-stream-first-ever-black-friday-game-2023-2022-10-18/&ct=ga&cd=CAIyGjAyZGMwZGVhNjQ5ZTY3OWY6Y29tOmVuOlVT&usg=AOvVaw2g2EDbB0C36PgIjxsqLvD3,reuters
28,1221080057733840321,True,https://www.google.com/url?rct=j&sa=t&url=https://news.sky.com/story/popular-restaurant-chains-face-disruption-threat-amid-strike-vote-at-major-food-supplier-12723458&ct=ga&cd=CAIyGjAyZGMwZGVhNjQ5ZTY3OWY6Y29tOmVuOlVT&usg=AOvVaw3CybDkoJQNKl-OLqKN8rsT,Threat of beer and fast food shortages as delivery drivers prepare for walkouts - Sky News,2022-10-18 21:25:09,2022-10-18 21:25:09,"It was announced early on Tuesday that the GMB union was launching a strike vote among its near-600 members at Best Food Logistics, which delivers&nbsp;...",Logistics,Tuesday 18. October 2022,https://news.sky.com/story/popular-restaurant-chains-face-disruption-threat-amid-strike-vote-at-major-food-supplier-12723458&ct=ga&cd=CAIyGjAyZGMwZGVhNjQ5ZTY3OWY6Y29tOmVuOlVT&usg=AOvVaw3CybDkoJQNKl-OLqKN8rsT,news
29,14885271116468114215,True,https://www.google.com/url?rct=j&sa=t&url=https://www.prweb.com/releases/inxeption_helps_skateboard_ramp_manufacturer_roof_rack_company_optimize_logistics_processes_with_superapp/prweb18965064.htm&ct=ga&cd=CAIyGjAyZGMwZGVhNjQ5ZTY3OWY6Y29tOmVuOlVT&usg=AOvVaw2wvNGdwoJEk6QoW6hzpSL3,"Inxeption helps skateboard ramp manufacturer, roof rack company optimize <b>logistics</b> ...",2022-10-18 21:09:44,2022-10-18 21:09:44,"Keen first noticed he needed some logistics assistance after the first COVID shutdown in 2020, when he said orders grew by a multiple of five in a&nbsp;...",Logistics,Tuesday 18. October 2022,https://www.prweb.com/releases/inxeption_helps_skateboard_ramp_manufacturer_roof_rack_company_optimize_logistics_processes_with_superapp/prweb18965064.htm&ct=ga&cd=CAIyGjAyZGMwZGVhNjQ5ZTY3OWY6Y29tOmVuOlVT&usg=AOvVaw2wvNGdwoJEk6QoW6hzpSL3,prweb
30,16859996511797945666,True,https://www.google.com/url?rct=j&sa=t&url=https://www.benzinga.com/news/dividends/22/10/29308864/industrial-logistics-dividend-insights&ct=ga&cd=CAIyGjAyZGMwZGVhNjQ5ZTY3OWY6Y29tOmVuOlVT&usg=AOvVaw1KFGRazhykAFaO_z8ozUIu,Dividend Insights - Industrial <b>Logistics</b> (NASDAQ:ILPT) - Benzinga,2022-10-18 20:53:28,2022-10-18 20:53:28,Thursday marks the last chance for investors to receive the next dividend payout from Industrial Logistics (NASDAQ:ILPT).,Logistics,Tuesday 18. October 2022,https://www.benzinga.com/news/dividends/22/10/29308864/industrial-logistics-dividend-insights&ct=ga&cd=CAIyGjAyZGMwZGVhNjQ5ZTY3OWY6Y29tOmVuOlVT&usg=AOvVaw1KFGRazhykAFaO_z8ozUIu,benzinga
31,18370279024813037314,True,https://www.google.com/url?rct=j&sa=t&url=https://logisticsviewpoints.com/2022/10/18/30059/&ct=ga&cd=CAIyGjAyZGMwZGVhNjQ5ZTY3OWY6Y29tOmVuOlVT&usg=AOvVaw3XMGtFCHBOzJCtPZ8hF-mH,Gamification - - Logistics Viewpoints,2022-10-18 19:37:39,2022-10-18 19:37:39,"The third pillar, and the most widely know type of gamification is competition. Leaderboards are an easy example of competitive gamification.",Logistics,Tuesday 18. October 2022,https://logisticsviewpoints.com/2022/10/18/30059/&ct=ga&cd=CAIyGjAyZGMwZGVhNjQ5ZTY3OWY6Y29tOmVuOlVT&usg=AOvVaw3XMGtFCHBOzJCtPZ8hF-mH,logisticsviewpoints
32,10869770636450590625,True,https://www.google.com/url?rct=j&sa=t&url=https://www.itln.in/logistics/economy-booster-national-logistics-policy-will-give-india-global-competitive-advantage-acting-locally-1346776&ct=ga&cd=CAIyGjAyZGMwZGVhNjQ5ZTY3OWY6Y29tOmVuOlVT&usg=AOvVaw2jNFDwQpjyumNiNmuyFUkl,Economy-booster National <b>Logistics</b> Policy will give India global competitive advantage ...,2022-10-18 19:33:53,2022-10-18 19:33:53,"By filling the missing gaps in the logistics sector, the policy will help draw more investments in India. How would this work? Through a multi-pronged&nbsp;...",Logistics,Tuesday 18. October 2022,https://www.itln.in/logistics/economy-booster-national-logistics-policy-will-give-india-global-competitive-advantage-acting-locally-1346776&ct=ga&cd=CAIyGjAyZGMwZGVhNjQ5ZTY3OWY6Y29tOmVuOlVT&usg=AOvVaw2jNFDwQpjyumNiNmuyFUkl,itln
33,13310582931844439716,True,https://www.google.com/url?rct=j&sa=t&url=https://www.prnewswire.com/news-releases/quantix-acquires-gw-tanks-301651306.html&ct=ga&cd=CAIyGjAyZGMwZGVhNjQ5ZTY3OWY6Y29tOmVuOlVT&usg=AOvVaw2ynaBBSwUdsLEdZQJrrfr0,Quantix Acquires G&amp;W Tanks - PR Newswire,2022-10-18 19:01:31,2022-10-18 19:01:31,"Formerly known as A&amp;R Logistics, Wind Point acquired Quantix in 2019 in partnership with board Co-Chair Mark Holden, a veteran logistics executive&nbsp;...",Logistics,Tuesday 18. October 2022,https://www.prnewswire.com/news-releases/quantix-acquires-gw-tanks-301651306.html&ct=ga&cd=CAIyGjAyZGMwZGVhNjQ5ZTY3OWY6Y29tOmVuOlVT&usg=AOvVaw2ynaBBSwUdsLEdZQJrrfr0,prnewswire
34,17895408750793265391,True,https://www.google.com/url?rct=j&sa=t&url=https://www.freightwaves.com/news/check-call-data-never-lies-with-arrive-logistics&ct=ga&cd=CAIyGjAyZGMwZGVhNjQ5ZTY3OWY6Y29tOmVuOlVT&usg=AOvVaw1Bo2JcgAMd4akmyVTG78Jx,Check Call: Data never lies with Arrive <b>Logistics</b> - FreightWaves,2022-10-18 17:42:18,2022-10-18 17:42:18,"Mary O'Connell and Alex Schwarm, head of data at Arrive Logistics, sit down to talk about all things tech innovation and integration.",Logistics,Tuesday 18. October 2022,https://www.freightwaves.com/news/check-call-data-never-lies-with-arrive-logistics&ct=ga&cd=CAIyGjAyZGMwZGVhNjQ5ZTY3OWY6Y29tOmVuOlVT&usg=AOvVaw1Bo2JcgAMd4akmyVTG78Jx,freightwaves
35,17165783341203207413,True,https://www.google.com/url?rct=j&sa=t&url=https://reliefweb.int/job/3897222/logistics-and-procurement-manager-ukraine&ct=ga&cd=CAIyGjAyZGMwZGVhNjQ5ZTY3OWY6Y29tOmVuOlVT&usg=AOvVaw02n9RTStuIs0Xw5rszCkbK,<b>Logistics</b> and Procurement Manager - Ukraine - ReliefWeb,2022-10-18 17:39:01,2022-10-18 17:39:01,"Logistics/Procurement Job in Ukraine about Coordination, Disaster Management and Health, requiring 5-9 years of experience, from MTI;&nbsp;...",Logistics,Tuesday 18. October 2022,https://reliefweb.int/job/3897222/logistics-and-procurement-manager-ukraine&ct=ga&cd=CAIyGjAyZGMwZGVhNjQ5ZTY3OWY6Y29tOmVuOlVT&usg=AOvVaw02n9RTStuIs0Xw5rszCkbK,reliefweb
36,4714470971451871823,True,https://www.google.com/url?rct=j&sa=t&url=https://pointblanknews.com/pbn/other-news/mnjtf-arrests-40-terrorist-logistics-suppliers/&ct=ga&cd=CAIyGjAyZGMwZGVhNjQ5ZTY3OWY6Y29tOmVuOlVT&usg=AOvVaw2a3wXkugjLZA2cM8D6F1yP,MNJTF arrests 40 terrorist <b>logistics</b> suppliers - Pointblank News,2022-10-18 17:38:34,2022-10-18 17:38:34,"MNJTF arrests 40 terrorist logistics suppliers. written by Our Reporter October 18, 2022 … Recovers 300 bags of beans, 100 bags of maize.",Logistics,Tuesday 18. October 2022,https://pointblanknews.com/pbn/other-news/mnjtf-arrests-40-terrorist-logistics-suppliers/&ct=ga&cd=CAIyGjAyZGMwZGVhNjQ5ZTY3OWY6Y29tOmVuOlVT&usg=AOvVaw2a3wXkugjLZA2cM8D6F1yP,pointblanknews
37,12797866847919344711,True,https://www.google.com/url?rct=j&sa=t&url=https://www.theurbandeveloper.com/articles/logistics-warehouse-industrial-land-supply-esr-colliers&ct=ga&cd=CAIyGjAyZGMwZGVhNjQ5ZTY3OWY6Y29tOmVuOlVT&usg=AOvVaw0YRHQbKFg2_ci35-KFxp4A,[+] Snookered: <b>Logistics</b> Sector Makes Plea for More Land - The Urban Developer,2022-10-18 17:26:11,2022-10-18 17:26:11,CBRE's head of industrial and logistics in the Pacific Sass J-Baleh warns that in Melbourne alone an additional 1.1 million sq m of floor space is&nbsp;...,Logistics,Tuesday 18. October 2022,https://www.theurbandeveloper.com/articles/logistics-warehouse-industrial-land-supply-esr-colliers&ct=ga&cd=CAIyGjAyZGMwZGVhNjQ5ZTY3OWY6Y29tOmVuOlVT&usg=AOvVaw0YRHQbKFg2_ci35-KFxp4A,theurbandeveloper
38,12404731494229205298,True,https://www.google.com/url?rct=j&sa=t&url=https://www.fedscoop.com/video/how-cloud-helps-make-logistics-resilient/&ct=ga&cd=CAIyGjAyZGMwZGVhNjQ5ZTY3OWY6Y29tOmVuOlVT&usg=AOvVaw0JobfHaAR0EQB_Nu2o61OY,How the cloud helps make <b>logistics</b> more resilient - FedScoop,2022-10-18 17:16:17,2022-10-18 17:16:17,Government organizations face unique challenges trying to accomplish complex missions with limited resources — especially when logistics play a&nbsp;...,Logistics,Tuesday 18. October 2022,https://www.fedscoop.com/video/how-cloud-helps-make-logistics-resilient/&ct=ga&cd=CAIyGjAyZGMwZGVhNjQ5ZTY3OWY6Y29tOmVuOlVT&usg=AOvVaw0JobfHaAR0EQB_Nu2o61OY,fedscoop
39,15184743418061590768,True,https://www.google.com/url?rct=j&sa=t&url=https://www.hellenicshippingnews.com/europes-largest-onshore-intermodal-logistics-terminal-opened-in-fenyeslitke/&ct=ga&cd=CAIyGjAyZGMwZGVhNjQ5ZTY3OWY6Y29tOmVuOlVT&usg=AOvVaw1P9-67Ps1RmOL2yHQPp9kQ,Europe's largest onshore intermodal <b>logistics</b> terminal opened in Fényeslitke,2022-10-18 17:13:23,2022-10-18 17:13:23,"“With the construction of the East-West Gate, Hungary is back on the map of international rail logistics”- stressed János Tálosi. The CEO of the&nbsp;...",Logistics,Tuesday 18. October 2022,https://www.hellenicshippingnews.com/europes-largest-onshore-intermodal-logistics-terminal-opened-in-fenyeslitke/&ct=ga&cd=CAIyGjAyZGMwZGVhNjQ5ZTY3OWY6Y29tOmVuOlVT&usg=AOvVaw1P9-67Ps1RmOL2yHQPp9kQ,hellenicshippingnews
40,10371949914468805744,True,https://www.google.com/url?rct=j&sa=t&url=https://koreatechdesk.com/tipsx-besuccess-korean-startup-showcase-2022-silicon-valley-kicks-off-with-mentoring-session-at-perkins-coie-san-francisco/&ct=ga&cd=CAIyGjRiMGM4Yjg2NjcxZGZjNzY6Y29tOmVuOlVT&usg=AOvVaw1_vQNt_eOB70OlpCWRlqUy,TIPSX beSUCCESS Korean Startup Showcase 2022 Silicon Valley kicks off with mentoring ...,2022-10-19 05:41:59,2022-10-19 05:41:59,"... he moved on to a strategy role for a VC/PE-backed B2B marketplace. ... how they intend to market their service for overseas consumers,&nbsp;...",B2B Marketplace,Wednesday 19. October 2022,https://koreatechdesk.com/tipsx-besuccess-korean-startup-showcase-2022-silicon-valley-kicks-off-with-mentoring-session-at-perkins-coie-san-francisco/&ct=ga&cd=CAIyGjRiMGM4Yjg2NjcxZGZjNzY6Y29tOmVuOlVT&usg=AOvVaw1_vQNt_eOB70OlpCWRlqUy,koreatechdesk
41,1021884755706870226,True,https://www.google.com/url?rct=j&sa=t&url=https://www.digitalcommerce360.com/article/future-of-b2b-marketplaces/&ct=ga&cd=CAIyGjRiMGM4Yjg2NjcxZGZjNzY6Y29tOmVuOlVT&usg=AOvVaw3rvnniyTo6sGwwQfS9mSxV,<b>B2B</b> marketplaces are shaping the future of <b>B2B</b> ecommerce - Digital Commerce 360,2022-10-18 22:01:43,2022-10-18 22:01:43,"Fast forward to 2022, and B2B buyers and sellers are in love once more with marketplaces. And the feeling from marketplace operators is mutual. B2B&nbsp;...",B2B Marketplace,Tuesday 18. October 2022,https://www.digitalcommerce360.com/article/future-of-b2b-marketplaces/&ct=ga&cd=CAIyGjRiMGM4Yjg2NjcxZGZjNzY6Y29tOmVuOlVT&usg=AOvVaw3rvnniyTo6sGwwQfS9mSxV,digitalcommerce360
42,3995163379751552240,True,https://www.google.com/url?rct=j&sa=t&url=https://seekingalpha.com/news/3892305-commercial-property-fintech-janover-files-for-proposed-16m-ipo%3Fsource%3Dcontent_type%253Areact%257Cfirst_level_url%253Amarket-news%257Csection_asset%253Amain&ct=ga&cd=CAIyGjRiMGM4Yjg2NjcxZGZjNzY6Y29tOmVuOlVT&usg=AOvVaw1MVqqC62Yzkp3Cxt0ucBRt,Commercial property fintech Janover files for proposed $16M IPO - Seeking Alpha,2022-10-18 16:18:40,2022-10-18 16:18:40,"Based in Florida, Janover operates a B2B marketplace for commercial property mortgage borrowers and lenders. The company reported a 2021 net loss&nbsp;...",B2B Marketplace,Tuesday 18. October 2022,https://seekingalpha.com/news/3892305-commercial-property-fintech-janover-files-for-proposed-16m-ipo%3Fsource%3Dcontent_type%253Areact%257Cfirst_level_url%253Amarket-news%257Csection_asset%253Amain&ct=ga&cd=CAIyGjRiMGM4Yjg2NjcxZGZjNzY6Y29tOmVuOlVT&usg=AOvVaw1MVqqC62Yzkp3Cxt0ucBRt,seekingalpha
43,8504288525726277564,True,https://www.google.com/url?rct=j&sa=t&url=https://www.digitalcommerce360.com/webinar/create-launch-and-run-your-commerce-marketplace/&ct=ga&cd=CAIyGjRiMGM4Yjg2NjcxZGZjNzY6Y29tOmVuOlVT&usg=AOvVaw3v9_ypkEBhUNAlZEdr9qzX,"Create, Launch and Run Your Commerce <b>Marketplace</b>",2022-10-18 15:51:16,2022-10-18 15:51:16,Get actionable advice and share insights on launching and running online B2C and B2B marketplaces from subject matter experts and peers.,B2B Marketplace,Tuesday 18. October 2022,https://www.digitalcommerce360.com/webinar/create-launch-and-run-your-commerce-marketplace/&ct=ga&cd=CAIyGjRiMGM4Yjg2NjcxZGZjNzY6Y29tOmVuOlVT&usg=AOvVaw3v9_ypkEBhUNAlZEdr9qzX,digitalcommerce360
44,10322263582308931045,True,https://www.google.com/url?rct=j&sa=t&url=https://thesportsforward.com/news/u-s-commercial-fuel-cards-market-2022-huge-b2b-opportunities-2030/1368686/&ct=ga&cd=CAIyGjRiMGM4Yjg2NjcxZGZjNzY6Y29tOmVuOlVT&usg=AOvVaw0GlybywmSh-_JtX6NtsJLw,U.S Commercial Fuel Cards <b>Market</b> 2022: Huge “<b>B2B</b> opportunities 2030”,2022-10-18 14:52:54,2022-10-18 14:52:54,U.S Commercial Fuel Cards Market 2022: Huge “B2B opportunities 2030” &middot; Commercial Fuel Cards Market Overview with significant CAGR during 2022-2030.,B2B Marketplace,Tuesday 18. October 2022,https://thesportsforward.com/news/u-s-commercial-fuel-cards-market-2022-huge-b2b-opportunities-2030/1368686/&ct=ga&cd=CAIyGjRiMGM4Yjg2NjcxZGZjNzY6Y29tOmVuOlVT&usg=AOvVaw0GlybywmSh-_JtX6NtsJLw,thesportsforward
45,6420079767858119026,True,https://www.google.com/url?rct=j&sa=t&url=https://www.catholicglobe.org/global-b2b-services-review-platforms-market-insight-size-and-forecast/&ct=ga&cd=CAIyGjRiMGM4Yjg2NjcxZGZjNzY6Y29tOmVuOlVT&usg=AOvVaw1oxdtKyzsMpvU1TN7OUGYv,"Global <b>B2B</b> Services Review Platforms <b>Market</b> Size And Forecast | Clutch, Hubspot Agency ...",2022-10-18 14:32:21,2022-10-18 14:32:21,"New Jersey, United States - Verified Market Research has recently published a research report titled, ""Global B2B Services Review Platforms Marke.",B2B Marketplace,Tuesday 18. October 2022,https://www.catholicglobe.org/global-b2b-services-review-platforms-market-insight-size-and-forecast/&ct=ga&cd=CAIyGjRiMGM4Yjg2NjcxZGZjNzY6Y29tOmVuOlVT&usg=AOvVaw1oxdtKyzsMpvU1TN7OUGYv,catholicglobe
46,5156836827799213867,True,https://www.google.com/url?rct=j&sa=t&url=https://www.catholicglobe.org/global-b2b-exhibitions-market-insight-size-and-forecast/&ct=ga&cd=CAIyGjRiMGM4Yjg2NjcxZGZjNzY6Y29tOmVuOlVT&usg=AOvVaw040aGgAp1Bu47owFMhP3yP,"Global <b>B2B</b> Exhibitions <b>Market</b> Size And Forecast | RELX Group, Tarsus Group, UBM ...",2022-10-18 14:32:18,2022-10-18 14:32:18,"New Jersey, United States - Verified Market Research recently published a research report titled, ""Global B2B Exhibitions Market Insight, Fo.",B2B Marketplace,Tuesday 18. October 2022,https://www.catholicglobe.org/global-b2b-exhibitions-market-insight-size-and-forecast/&ct=ga&cd=CAIyGjRiMGM4Yjg2NjcxZGZjNzY6Y29tOmVuOlVT&usg=AOvVaw040aGgAp1Bu47owFMhP3yP,catholicglobe
47,14591558732156658619,True,https://www.google.com/url?rct=j&sa=t&url=https://www.prnewswire.com/news-releases/pod-foods-brings-on-ex-kehe-svp-of-growth-bolsters-leadership-team-with-industry-leaders-301651841.html&ct=ga&cd=CAIyGjRiMGM4Yjg2NjcxZGZjNzY6Y29tOmVuOlVT&usg=AOvVaw11JOoL0i2e75uVyjVugElP,"Pod Foods Brings On Ex-KeHE SVP of Growth, Bolsters Leadership Team with Industry Leaders",2022-10-18 14:00:55,2022-10-18 14:00:55,"PRNewswire/ -- Pod Foods, the leading grocery B2B marketplace platform, today announced the hire of three new executives to the team.",B2B Marketplace,Tuesday 18. October 2022,https://www.prnewswire.com/news-releases/pod-foods-brings-on-ex-kehe-svp-of-growth-bolsters-leadership-team-with-industry-leaders-301651841.html&ct=ga&cd=CAIyGjRiMGM4Yjg2NjcxZGZjNzY6Y29tOmVuOlVT&usg=AOvVaw11JOoL0i2e75uVyjVugElP,prnewswire
48,14805628552519439815,True,https://www.google.com/url?rct=j&sa=t&url=https://www.businesswire.com/news/home/20221018005455/en/AppDirect-Announces-Unification-of-its-AppSmart-Business-Under-the-AppDirect-Brand&ct=ga&cd=CAIyGjRiMGM4Yjg2NjcxZGZjNzY6Y29tOmVuOlVT&usg=AOvVaw3XDfAGja7iYjlD14X4Gum7,AppDirect Announces Unification of its AppSmart Business Under the AppDirect Brand,2022-10-18 13:01:49,2022-10-18 13:01:49,Technology providers and enterprises also use the AppDirect marketplace platform to power their own custom B2B commerce ecosystems.,B2B Marketplace,Tuesday 18. October 2022,https://www.businesswire.com/news/home/20221018005455/en/AppDirect-Announces-Unification-of-its-AppSmart-Business-Under-the-AppDirect-Brand&ct=ga&cd=CAIyGjRiMGM4Yjg2NjcxZGZjNzY6Y29tOmVuOlVT&usg=AOvVaw3XDfAGja7iYjlD14X4Gum7,businesswire
49,7519104831678497731,True,https://www.google.com/url?rct=j&sa=t&url=https://weetracker.com/2022/10/18/egyptian-b2b-trucking-startup-trella-secures-further-usd-6-mn-debt-funding/&ct=ga&cd=CAIyGjRiMGM4Yjg2NjcxZGZjNzY6Y29tOmVuOlVT&usg=AOvVaw3delMoNozufXKElzSq29-j,Egyptian <b>B2B</b> Trucking Startup Trella Secures Further USD 6 Mn Debt Funding,2022-10-18 13:01:01,2022-10-18 13:01:01,"Trella is a real-time B2B technology platform and trucking marketplace that connects shippers and carriers. It has over 350 shipper partners,&nbsp;...",B2B Marketplace,Tuesday 18. October 2022,https://weetracker.com/2022/10/18/egyptian-b2b-trucking-startup-trella-secures-further-usd-6-mn-debt-funding/&ct=ga&cd=CAIyGjRiMGM4Yjg2NjcxZGZjNzY6Y29tOmVuOlVT&usg=AOvVaw3delMoNozufXKElzSq29-j,weetracker
50,2690610642954844381,True,https://www.google.com/url?rct=j&sa=t&url=http://www.streetinsider.com/Press%2BReleases/The%2BTop%2BSEO%2BCompanies%2BIn%2BOctober%252C%2BAccording%2BTo%2BDesignRush/20712771.html&ct=ga&cd=CAIyGjRiMGM4Yjg2NjcxZGZjNzY6Y29tOmVuOlVT&usg=AOvVaw29gIi2FgIbmc3fZMn65o3F,"The Top SEO Companies In October, According To DesignRush - StreetInsider",2022-10-18 11:38:34,2022-10-18 11:38:34,"It indicates that top-ranking pages enjoy higher exposure, urging businesses to aim for higher website rankings. DesignRush, a B2B marketplace&nbsp;...",B2B Marketplace,Tuesday 18. October 2022,http://www.streetinsider.com/Press%2BReleases/The%2BTop%2BSEO%2BCompanies%2BIn%2BOctober%252C%2BAccording%2BTo%2BDesignRush/20712771.html&ct=ga&cd=CAIyGjRiMGM4Yjg2NjcxZGZjNzY6Y29tOmVuOlVT&usg=AOvVaw29gIi2FgIbmc3fZMn65o3F,streetinsider
51,15120802806210987413,True,https://www.google.com/url?rct=j&sa=t&url=https://www.newstrail.com/b2b-concentrated-fruit-juice-market-share/&ct=ga&cd=CAIyGjRiMGM4Yjg2NjcxZGZjNzY6Y29tOmVuOlVT&usg=AOvVaw2ai903sgmq3bBAk4Epkysq,"<b>B2B</b> Concentrated Fruit Juice <b>Market</b> Share &amp; Size, Industry Growth, Covid-19 Impact ...",2022-10-18 11:36:42,2022-10-18 11:36:42,"The market research includes historical and forecast market data, demand, application details, price trends, and company shares of the leading B2B&nbsp;...",B2B Marketplace,Tuesday 18. October 2022,https://www.newstrail.com/b2b-concentrated-fruit-juice-market-share/&ct=ga&cd=CAIyGjRiMGM4Yjg2NjcxZGZjNzY6Y29tOmVuOlVT&usg=AOvVaw2ai903sgmq3bBAk4Epkysq,newstrail
52,7680237678451821395,True,https://www.google.com/url?rct=j&sa=t&url=https://www.transportandlogisticsme.com/smart-technology-innovation/uae-b2b-tech-startup-grocart-revolutionizes-the-retail-supply-chain&ct=ga&cd=CAIyGjRiMGM4Yjg2NjcxZGZjNzY6Y29tOmVuOlVT&usg=AOvVaw3ekNz11hKSRItO6KT-pnCX,UAE <b>B2B</b> Tech Startup Grocart Revolutionizes the Retail Supply Chain,2022-10-18 11:21:50,2022-10-18 11:21:50,"Grocart is a smart B2B wholesale marketplace, founded by Hussein Hosni (Co-Founder &amp; CEO) and Nesma Zaghow (Co-Founder &amp; COO) both of whom come&nbsp;...",B2B Marketplace,Tuesday 18. October 2022,https://www.transportandlogisticsme.com/smart-technology-innovation/uae-b2b-tech-startup-grocart-revolutionizes-the-retail-supply-chain&ct=ga&cd=CAIyGjRiMGM4Yjg2NjcxZGZjNzY6Y29tOmVuOlVT&usg=AOvVaw3ekNz11hKSRItO6KT-pnCX,transportandlogisticsme
53,11501307457264378758,True,https://www.google.com/url?rct=j&sa=t&url=https://www.yahoo.com/now/top-seo-companies-october-according-110500511.html&ct=ga&cd=CAIyGjRiMGM4Yjg2NjcxZGZjNzY6Y29tOmVuOlVT&usg=AOvVaw2FQxok8JvcphmPyFjSjm60,"The Top SEO Companies In October, According To DesignRush - Yahoo Finance",2022-10-18 11:08:21,2022-10-18 11:08:21,"DesignRush, a B2B marketplace connecting businesses with agencies, outlined the best SEO companies that help organizations boost their search&nbsp;...",B2B Marketplace,Tuesday 18. October 2022,https://www.yahoo.com/now/top-seo-companies-october-according-110500511.html&ct=ga&cd=CAIyGjRiMGM4Yjg2NjcxZGZjNzY6Y29tOmVuOlVT&usg=AOvVaw2FQxok8JvcphmPyFjSjm60,yahoo
54,13508606177045066098,True,https://www.google.com/url?rct=j&sa=t&url=https://www.zawya.com/en/press-release/companies-news/uae-smart-b2b-tech-startup-grocart-reveloutinzes-retail-supply-chain-logistics-within-the-uae-mcp6bmoe&ct=ga&cd=CAIyGjRiMGM4Yjg2NjcxZGZjNzY6Y29tOmVuOlVT&usg=AOvVaw0-L3rXt8SFv8pPMjbxonsi,UAE smart <b>B2B</b> tech startup Grocart reveloutinzes retail supply chain logistics within the UAE,2022-10-18 08:47:47,2022-10-18 08:47:47,"Dubai: Grocart is a smart B2B wholesale marketplace, founded by Hussein Hosni (Co-Founder &amp; CEO) and Nesma Zaghow (Co-Founder &amp; COO) both of whom&nbsp;...",B2B Marketplace,Tuesday 18. October 2022,https://www.zawya.com/en/press-release/companies-news/uae-smart-b2b-tech-startup-grocart-reveloutinzes-retail-supply-chain-logistics-within-the-uae-mcp6bmoe&ct=ga&cd=CAIyGjRiMGM4Yjg2NjcxZGZjNzY6Y29tOmVuOlVT&usg=AOvVaw0-L3rXt8SFv8pPMjbxonsi,zawya
55,2163180239317143865,True,https://www.google.com/url?rct=j&sa=t&url=https://www.indianweb2.com/2022/10/ciiecos-financial-inclusion-lab-is-set.html&ct=ga&cd=CAIyGjRiMGM4Yjg2NjcxZGZjNzY6Y29tOmVuOlVT&usg=AOvVaw3CDaOsSBnL92Xh7OIgNhXW,CIIE.CO's Financial Inclusion Lab is Set to Support 8 FinTech Startups | IndianWeb2.com,2022-10-18 03:58:01,2022-10-18 03:58:01,Kaarigarmandi is a B2B marketplace for the footwear industry that enables upskilling of artisans and connects them with demand centres across&nbsp;...,B2B Marketplace,Tuesday 18. October 2022,https://www.indianweb2.com/2022/10/ciiecos-financial-inclusion-lab-is-set.html&ct=ga&cd=CAIyGjRiMGM4Yjg2NjcxZGZjNzY6Y29tOmVuOlVT&usg=AOvVaw3CDaOsSBnL92Xh7OIgNhXW,indianweb2
56,584566182692736614,True,https://www.google.com/url?rct=j&sa=t&url=https://www.corsicanadailysun.com/national/leddartech-brings-raw-data-fusion-and-perception-software-technology-to-november-automotive/article_8bae3bd3-50d9-57c2-9b69-b4a0793db64e.html&ct=ga&cd=CAIyGmI4MWY5ZjUxYTU3NjM1MWM6Y29tOmVuOlVT&usg=AOvVaw0xDVhBd337mddLDBK9B3w7,LeddarTech Brings Raw Data Fusion and Perception Software Technology to November <b>Automotive</b>,2022-10-19 04:22:53,2022-10-19 04:22:53,The American Automotive Summit serves as an annual platform to exchange ideas surrounding the impact of market dynamics and new technologies for&nbsp;...,Automotive,Wednesday 19. October 2022,https://www.corsicanadailysun.com/national/leddartech-brings-raw-data-fusion-and-perception-software-technology-to-november-automotive/article_8bae3bd3-50d9-57c2-9b69-b4a0793db64e.html&ct=ga&cd=CAIyGmI4MWY5ZjUxYTU3NjM1MWM6Y29tOmVuOlVT&usg=AOvVaw0xDVhBd337mddLDBK9B3w7,corsicanadailysun
57,14075032311373375606,True,https://www.google.com/url?rct=j&sa=t&url=https://www.altoonamirror.com/news/local-business/2022/10/blaise-alexander-takes-over-dean-patterson-automotive/&ct=ga&cd=CAIyGmI4MWY5ZjUxYTU3NjM1MWM6Y29tOmVuOlVT&usg=AOvVaw34VM8j-Iob4wFtsofadKiZ,"Blaise Alexander takes over Dean Patterson <b>Automotive</b> | News, Sports, Jobs",2022-10-19 04:19:51,2022-10-19 04:19:51,"Dean Patterson Automotive, 101 Pleasant Valley Blvd., has become a part of Blaise Alexander Family Dealerships. The local business is now Blaise&nbsp;...",Automotive,Wednesday 19. October 2022,https://www.altoonamirror.com/news/local-business/2022/10/blaise-alexander-takes-over-dean-patterson-automotive/&ct=ga&cd=CAIyGmI4MWY5ZjUxYTU3NjM1MWM6Y29tOmVuOlVT&usg=AOvVaw34VM8j-Iob4wFtsofadKiZ,altoonamirror
58,17662938528379644394,True,https://www.google.com/url?rct=j&sa=t&url=https://www.automotivelogistics.media/finished-vehicle-logistics/latest-quarterly-survey-from-rpm-and-automotive-logistics-now-live/43561.article&ct=ga&cd=CAIyGmI4MWY5ZjUxYTU3NjM1MWM6Y29tOmVuOlVT&usg=AOvVaw3UatNaP803Cuw2Xwhmafxn,Latest quarterly survey from RPM and <b>Automotive</b> Logistics now live,2022-10-19 01:37:09,2022-10-19 01:37:09,... into the global finished vehicle logistics sector has now been launched by logistics provider RPM in collaboration with Automotive Logistics.,Automotive,Wednesday 19. October 2022,https://www.automotivelogistics.media/finished-vehicle-logistics/latest-quarterly-survey-from-rpm-and-automotive-logistics-now-live/43561.article&ct=ga&cd=CAIyGmI4MWY5ZjUxYTU3NjM1MWM6Y29tOmVuOlVT&usg=AOvVaw3UatNaP803Cuw2Xwhmafxn,automotivelogistics
59,13111295429824976348,True,https://www.google.com/url?rct=j&sa=t&url=https://www.investorsobserver.com/news/stock-update/china-automotive-systems-inc-caas-has-risen-2-00-in-a-week-should-you-buy&ct=ga&cd=CAIyGmI4MWY5ZjUxYTU3NjM1MWM6Y29tOmVuOlVT&usg=AOvVaw2-JMc8RqQO58rs0S84XWhX,"China <b>Automotive</b> Systems, Inc. (CAAS) has risen 2.00% in a Week, Should You Buy?",2022-10-19 01:32:37,2022-10-19 01:32:37,"A rating of 98 puts China Automotive Systems, Inc. (CAAS) near the top of the Auto Parts industry according to I.",Automotive,Wednesday 19. October 2022,https://www.investorsobserver.com/news/stock-update/china-automotive-systems-inc-caas-has-risen-2-00-in-a-week-should-you-buy&ct=ga&cd=CAIyGmI4MWY5ZjUxYTU3NjM1MWM6Y29tOmVuOlVT&usg=AOvVaw2-JMc8RqQO58rs0S84XWhX,investorsobserver
60,2892790437063648600,True,https://www.google.com/url?rct=j&sa=t&url=https://www.postcrescent.com/story/news/education/2022/10/18/bergstrom-automotive-ceo-buys-roosevelt-school-neenah-district/10526242002/&ct=ga&cd=CAIyGmI4MWY5ZjUxYTU3NjM1MWM6Y29tOmVuOlVT&usg=AOvVaw1jHrS2MikEuqndGU_sQ0rc,Bergstrom <b>Automotive</b> CEO buys Roosevelt school from Neenah district - The Post-Crescent,2022-10-19 01:09:04,2022-10-19 01:09:04,Neenah school district sells Roosevelt Elementary School on Doty Island to CEO of Bergstrom Automotive ... NEENAH - Local businessman John Bergstrom&nbsp;...,Automotive,Wednesday 19. October 2022,https://www.postcrescent.com/story/news/education/2022/10/18/bergstrom-automotive-ceo-buys-roosevelt-school-neenah-district/10526242002/&ct=ga&cd=CAIyGmI4MWY5ZjUxYTU3NjM1MWM6Y29tOmVuOlVT&usg=AOvVaw1jHrS2MikEuqndGU_sQ0rc,postcrescent
61,11124749431813312526,True,https://www.google.com/url?rct=j&sa=t&url=https://ded.mo.gov/content/piston-automotive-expand-wentzville-investing-more-10-million-and-creating-204-new-jobs&ct=ga&cd=CAIyGmI4MWY5ZjUxYTU3NjM1MWM6Y29tOmVuOlVT&usg=AOvVaw1X6kvboL_9IpqxrwOZglsM,"Piston <b>Automotive</b> to expand in Wentzville, investing more than $10 million and creating 204 ...",2022-10-19 00:11:16,2022-10-19 00:11:16,"Piston Automotive, a subsidiary of the Piston Group and the world's largest automotive assembly supplier, announced today it will open a facility&nbsp;...",Automotive,Wednesday 19. October 2022,https://ded.mo.gov/content/piston-automotive-expand-wentzville-investing-more-10-million-and-creating-204-new-jobs&ct=ga&cd=CAIyGmI4MWY5ZjUxYTU3NjM1MWM6Y29tOmVuOlVT&usg=AOvVaw1X6kvboL_9IpqxrwOZglsM,ded
62,5380006963738445143,True,https://www.google.com/url?rct=j&sa=t&url=https://www.wxow.com/video/dahl-automotive-presents-a-check-to-the-family-and-childrens-center/video_8dae4159-9ed1-5334-8138-9ddcada1530a.html&ct=ga&cd=CAIyGmI4MWY5ZjUxYTU3NjM1MWM6Y29tOmVuOlVT&usg=AOvVaw0Xp3-ho3RXVHtHVQr5_vMX,Dahl <b>Automotive</b> presents a check to the Family and Children's Center | Video - wxow.com,2022-10-18 23:56:16,2022-10-18 23:56:16,Dahl Automotive presented a check to the Family and Children's Center for nearly $30000.,Automotive,Tuesday 18. October 2022,https://www.wxow.com/video/dahl-automotive-presents-a-check-to-the-family-and-childrens-center/video_8dae4159-9ed1-5334-8138-9ddcada1530a.html&ct=ga&cd=CAIyGmI4MWY5ZjUxYTU3NjM1MWM6Y29tOmVuOlVT&usg=AOvVaw0Xp3-ho3RXVHtHVQr5_vMX,wxow
63,7126874394843092219,True,https://www.google.com/url?rct=j&sa=t&url=https://dailynewsegypt.com/2022/10/18/house-of-representatives-approves-establishment-of-supreme-council-for-automotive-industry/&ct=ga&cd=CAIyGmI4MWY5ZjUxYTU3NjM1MWM6Y29tOmVuOlVT&usg=AOvVaw0jOIB6HQhBP4AF5WOs8H_p,House of Representatives approves establishment of Supreme Council for <b>Automotive</b> Industry,2022-10-18 23:50:35,2022-10-18 23:50:35,"The draft law aims to support and localize the automotive industry and promote a trend towards an environmentally friendly industry, transforming&nbsp;...",Automotive,Tuesday 18. October 2022,https://dailynewsegypt.com/2022/10/18/house-of-representatives-approves-establishment-of-supreme-council-for-automotive-industry/&ct=ga&cd=CAIyGmI4MWY5ZjUxYTU3NjM1MWM6Y29tOmVuOlVT&usg=AOvVaw0jOIB6HQhBP4AF5WOs8H_p,dailynewsegypt
64,11045953533104846867,True,https://www.google.com/url?rct=j&sa=t&url=https://www.bizjournals.com/stlouis/news/2022/10/18/piston-automotive-10m-expansion-st-charles-county.html&ct=ga&cd=CAIyGmI4MWY5ZjUxYTU3NjM1MWM6Y29tOmVuOlVT&usg=AOvVaw2E7nnoHPX0Lvvj6QFNYX4e,Piston <b>Automotive</b> plans $10M plant in Wentzville with 204 new jobs - St. Louis Business Journal,2022-10-18 22:00:23,2022-10-18 22:00:23,"A provider of module assembly services for the automotive industry plans to invest over $10 million to open a facility in Wentzville, creating 204&nbsp;...",Automotive,Tuesday 18. October 2022,https://www.bizjournals.com/stlouis/news/2022/10/18/piston-automotive-10m-expansion-st-charles-county.html&ct=ga&cd=CAIyGmI4MWY5ZjUxYTU3NjM1MWM6Y29tOmVuOlVT&usg=AOvVaw2E7nnoHPX0Lvvj6QFNYX4e,bizjournals
65,6922962243511883346,True,https://www.google.com/url?rct=j&sa=t&url=https://www.904happyhour.com/article/hanania-automotive-group-giving-away-a-mitsubishi&ct=ga&cd=CAIyGmI4MWY5ZjUxYTU3NjM1MWM6Y29tOmVuOlVT&usg=AOvVaw0KIqBy6JWE55GnspPvDOtn,Hanania <b>Automotive</b> Group giving away a BRAND NEW 2023 Mitsubishi G4,2022-10-18 20:49:01,2022-10-18 20:49:01,"Hanania Automotive is the 2022 NAS Jacksonville Air Show's title sponsor! As this year's title sponsor, Hanania Automotive Group is giving away a&nbsp;...",Automotive,Tuesday 18. October 2022,https://www.904happyhour.com/article/hanania-automotive-group-giving-away-a-mitsubishi&ct=ga&cd=CAIyGmI4MWY5ZjUxYTU3NjM1MWM6Y29tOmVuOlVT&usg=AOvVaw0KIqBy6JWE55GnspPvDOtn,904happyhour
66,9893951042921639227,True,https://www.google.com/url?rct=j&sa=t&url=https://www.automotivelogistics.media/finished-vehicle-logistics/better-pay-and-conditions-will-help-solve-the-capacity-crisis/43559.article&ct=ga&cd=CAIyGmI4MWY5ZjUxYTU3NjM1MWM6Y29tOmVuOlVT&usg=AOvVaw3pLwEyiQJ15S4ggRiLvLs0,Better pay and conditions will help solve the capacity crisis | News | <b>Automotive</b> Logistics,2022-10-18 19:21:28,2022-10-18 19:21:28,"In the meantime, the automotive industry has to make the most efficient use of the drivers and equipment it has to hand.",Automotive,Tuesday 18. October 2022,https://www.automotivelogistics.media/finished-vehicle-logistics/better-pay-and-conditions-will-help-solve-the-capacity-crisis/43559.article&ct=ga&cd=CAIyGmI4MWY5ZjUxYTU3NjM1MWM6Y29tOmVuOlVT&usg=AOvVaw3pLwEyiQJ15S4ggRiLvLs0,automotivelogistics
67,14745791944442878082,True,https://www.google.com/url?rct=j&sa=t&url=https://jalopnik.com/these-are-the-worst-examples-of-automotive-badge-engine-1849672350&ct=ga&cd=CAIyGmI4MWY5ZjUxYTU3NjM1MWM6Y29tOmVuOlVT&usg=AOvVaw2R1TDjaux-vjTTPX4e5dxn,These Are the Worst Examples of <b>Automotive</b> Badge Engineering Ever - Jalopnik,2022-10-18 19:11:49,2022-10-18 19:11:49,"Badge engineering is one of those desperate old automotive marketing tricks that rarely worked all that well, but some carmakers still insist on&nbsp;...",Automotive,Tuesday 18. October 2022,https://jalopnik.com/these-are-the-worst-examples-of-automotive-badge-engine-1849672350&ct=ga&cd=CAIyGmI4MWY5ZjUxYTU3NjM1MWM6Y29tOmVuOlVT&usg=AOvVaw2R1TDjaux-vjTTPX4e5dxn,jalopnik
68,6382359598046744366,True,https://www.google.com/url?rct=j&sa=t&url=https://www.prnewswire.com/news-releases/mycoworks-secures-strategic-investment-from-gm-ventures-to-develop-fine-mycelium-materials-for-sustainable-automotive-interiors-301651483.html&ct=ga&cd=CAIyGmI4MWY5ZjUxYTU3NjM1MWM6Y29tOmVuOlVT&usg=AOvVaw1d8rIRhuIAzI5OL6TsBTn8,MycoWorks Secures Strategic Investment from GM Ventures to Develop Fine Mycelium ...,2022-10-18 19:01:24,2022-10-18 19:01:24,Collaboration will use MycoWorks' proprietary Fine Mycelium technology to explore use of non-animal materials in automotive design.,Automotive,Tuesday 18. October 2022,https://www.prnewswire.com/news-releases/mycoworks-secures-strategic-investment-from-gm-ventures-to-develop-fine-mycelium-materials-for-sustainable-automotive-interiors-301651483.html&ct=ga&cd=CAIyGmI4MWY5ZjUxYTU3NjM1MWM6Y29tOmVuOlVT&usg=AOvVaw1d8rIRhuIAzI5OL6TsBTn8,prnewswire
69,4790084043161643301,True,https://www.google.com/url?rct=j&sa=t&url=https://www.ftc.gov/news-events/news/press-releases/2022/10/federal-trade-commission-takes-action-against-passport-automotive-group-illegally-charging-junk-fees&ct=ga&cd=CAIyGmI4MWY5ZjUxYTU3NjM1MWM6Y29tOmVuOlVT&usg=AOvVaw1F5c0LUbTuVTowfR1k2gSk,Federal Trade Commission Takes Action Against Passport <b>Automotive</b> Group for Illegally ...,2022-10-18 18:57:17,2022-10-18 18:57:17,Federal Trade Commission Takes Action Against Passport Automotive Group for Illegally Charging Junk Fees and Discriminating Against Black and Latino&nbsp;...,Automotive,Tuesday 18. October 2022,https://www.ftc.gov/news-events/news/press-releases/2022/10/federal-trade-commission-takes-action-against-passport-automotive-group-illegally-charging-junk-fees&ct=ga&cd=CAIyGmI4MWY5ZjUxYTU3NjM1MWM6Y29tOmVuOlVT&usg=AOvVaw1F5c0LUbTuVTowfR1k2gSk,ftc
70,10977618203926660997,True,https://www.google.com/url?rct=j&sa=t&url=https://sgbonline.com/yakima-partners-with-meyer-distributing-to-amplify-aftermarket-automotive-opportunity/&ct=ga&cd=CAIyGmI4MWY5ZjUxYTU3NjM1MWM6Y29tOmVuOlVT&usg=AOvVaw1Ik2ZpGQH6CjcUmoE8spnE,Yakima Partners With Meyer Distributing To Amplify Aftermarket <b>Automotive</b> Opportunity,2022-10-18 18:01:08,2022-10-18 18:01:08,"Yakima has entered into a new partnership with Meyer Distributing, the distributor of specialty automotive parts to retailers and dealers,&nbsp;...",Automotive,Tuesday 18. October 2022,https://sgbonline.com/yakima-partners-with-meyer-distributing-to-amplify-aftermarket-automotive-opportunity/&ct=ga&cd=CAIyGmI4MWY5ZjUxYTU3NjM1MWM6Y29tOmVuOlVT&usg=AOvVaw1Ik2ZpGQH6CjcUmoE8spnE,sgbonline
71,4789781793736778376,True,https://www.google.com/url?rct=j&sa=t&url=https://www.autoremarketing.com/wholesale/lane-watch-black-book-cox-automotive-spot-notable-downward-moves&ct=ga&cd=CAIyGmI4MWY5ZjUxYTU3NjM1MWM6Y29tOmVuOlVT&usg=AOvVaw0lq5IZbiGEJIfPej5eegvp,Lane watch: Black Book &amp; Cox <b>Automotive</b> spot notable downward moves,2022-10-18 18:00:47,2022-10-18 18:00:47,The experts at Black Book and Cox Automotive are seeing wholesale prices and auction sales rates decline this month.,Automotive,Tuesday 18. October 2022,https://www.autoremarketing.com/wholesale/lane-watch-black-book-cox-automotive-spot-notable-downward-moves&ct=ga&cd=CAIyGmI4MWY5ZjUxYTU3NjM1MWM6Y29tOmVuOlVT&usg=AOvVaw0lq5IZbiGEJIfPej5eegvp,autoremarketing
72,4623012473360289174,True,https://www.google.com/url?rct=j&sa=t&url=https://www.autonews.com/manufacturing/why-fisker-speeding-us-plant-search&ct=ga&cd=CAIyGmI4MWY5ZjUxYTU3NjM1MWM6Y29tOmVuOlVT&usg=AOvVaw0G6KsSwnowoCtiwsULFe_i,Fisker speeds up search for U.S. assembly plant to win tax credits - Automotive News,2022-10-18 17:51:30,2022-10-18 17:51:30,"Henrik Fisker: “I am looking at bringing Ocean (SUV) production over to the U.S., and we are looking at some opportunities to produce as early as&nbsp;...",Automotive,Tuesday 18. October 2022,https://www.autonews.com/manufacturing/why-fisker-speeding-us-plant-search&ct=ga&cd=CAIyGmI4MWY5ZjUxYTU3NjM1MWM6Y29tOmVuOlVT&usg=AOvVaw0G6KsSwnowoCtiwsULFe_i,autonews
73,10246842717543009575,True,https://www.google.com/url?rct=j&sa=t&url=https://www.electronicdesign.com/markets/automotive/article/21252965/electronic-design-automotivealternator-regulator-embeds-advanced-functionality-lin-interface&ct=ga&cd=CAIyGmI4MWY5ZjUxYTU3NjM1MWM6Y29tOmVuOlVT&usg=AOvVaw01iHWXbRYa9UK7tLpdwm8C,"<b>Automotive</b>-Alternator Regulator Embeds Advanced Functionality, LIN Interface",2022-10-18 17:43:34,2022-10-18 17:43:34,"Automotive-Alternator Regulator Embeds Advanced Functionality, LIN Interface. Oct. 18, 2022. Today's 12-V alternator regulators must do much more&nbsp;...",Automotive,Tuesday 18. October 2022,https://www.electronicdesign.com/markets/automotive/article/21252965/electronic-design-automotivealternator-regulator-embeds-advanced-functionality-lin-interface&ct=ga&cd=CAIyGmI4MWY5ZjUxYTU3NjM1MWM6Y29tOmVuOlVT&usg=AOvVaw01iHWXbRYa9UK7tLpdwm8C,electronicdesign
74,4190278141514269631,True,https://www.google.com/url?rct=j&sa=t&url=https://techcrunch.com/2022/10/18/foxconn-pushes-deeper-into-automotive-with-an-electric-pickup-and-crossover/&ct=ga&cd=CAIyGmI4MWY5ZjUxYTU3NjM1MWM6Y29tOmVuOlVT&usg=AOvVaw0MdSzRkFDoNis2ODczhmau,Foxconn pushes deeper into <b>automotive</b> with an electric pickup and crossover | TechCrunch,2022-10-18 17:35:56,2022-10-18 17:35:56,"In the next 10 years, Hon Hai in the EV industry will redefine CDMS in the automotive field and continue to promote vertically integrated&nbsp;...",Automotive,Tuesday 18. October 2022,https://techcrunch.com/2022/10/18/foxconn-pushes-deeper-into-automotive-with-an-electric-pickup-and-crossover/&ct=ga&cd=CAIyGmI4MWY5ZjUxYTU3NjM1MWM6Y29tOmVuOlVT&usg=AOvVaw0MdSzRkFDoNis2ODczhmau,techcrunch
75,5774821525274628475,True,https://www.google.com/url?rct=j&sa=t&url=https://www.newschannel10.com/2022/10/18/aardvark-automotive-taking-nominations-car-be-given-away/&ct=ga&cd=CAIyGmI4MWY5ZjUxYTU3NjM1MWM6Y29tOmVuOlVT&usg=AOvVaw3dMT9VU4DGS9-bEOxbpwnu,Aardvark <b>Automotive</b> taking nominations for car to be given away - News Channel 10,2022-10-18 17:29:55,2022-10-18 17:29:55,"AMARILLO, Texas (KFDA) - The Aardvark Automotive will be taking nominations for a car to be given away in December. This is for a recipient who&nbsp;...",Automotive,Tuesday 18. October 2022,https://www.newschannel10.com/2022/10/18/aardvark-automotive-taking-nominations-car-be-given-away/&ct=ga&cd=CAIyGmI4MWY5ZjUxYTU3NjM1MWM6Y29tOmVuOlVT&usg=AOvVaw3dMT9VU4DGS9-bEOxbpwnu,newschannel10
